('2024-12-14 04:34:23', ['AAVE', 'AERO', 'AI16Z', 'BLUE', 'GOAT', 'HAPPY', 'HYPE', 'MAD', 'PRCL', 'SKI', 'SLF', 'SOL', 'SUI', 'VELO', 'VIRTUAL'], [])
('2024-12-14 04:50:01', ['AERO', 'AIXBT', 'BLUE', 'GOAT', 'HYPE', 'LINGO', 'MAD', 'ME', 'PRCL', 'SKI', 'SLF', 'SOL', 'SUI', 'VELO', 'VIRTUAL'], ['AIXBT', 'LINGO', 'ME'])
('2024-12-14 05:00:01', ['AERO', 'AIXBT', 'BLUE', 'HAPPY', 'HYPE', 'LINGO', 'MAD', 'ME', 'PEPE', 'PRCL', 'SKI', 'SLF', 'SUI', 'VELO', 'VIRTUAL'], ['HAPPY', 'PEPE'])
('2024-12-14 05:10:02', ['AERO', 'AIXBT', 'BLUE', 'HAPPY', 'HYPE', 'LINGO', 'MAD', 'ME', 'PEPE', 'PRCL', 'SKI', 'SLF', 'SOL', 'SUI', 'VIRTUAL'], ['SOL'])
('2024-12-14 05:20:01', ['AIXBT', 'BLUE', 'HAPPY', 'HYPE', 'LINGO', 'MAD', 'ME', 'ONDO', 'PEPE', 'PRCL', 'SKI', 'SLF', 'SUI', 'VELO', 'VIRTUAL'], ['ONDO', 'VELO'])
('2024-12-14 05:30:02', ['AIXBT', 'BLUE', 'HAPPY', 'HYPE', 'LINGO', 'MAD', 'ME', 'ONDO', 'PEPE', 'PRCL', 'SKI', 'SLF', 'SOL', 'SUI', 'VIRTUAL'], ['SOL'])
('2024-12-14 05:50:02', ['AIXBT', 'BLUE', 'GRASS', 'HAPPY', 'HYPE', 'LINGO', 'MAD', 'ONDO', 'PRCL', 'SKI', 'SLF', 'SOL', 'SUI', 'VELO', 'VIRTUAL'], ['GRASS', 'VELO'])
('2024-12-14 06:10:01', ['AIXBT', 'BLUE', 'GRASS', 'HAPPY', 'HYPE', 'LINGO', 'MAD', 'ME', 'PRCL', 'SKI', 'SLF', 'SOL', 'SUI', 'VELO', 'VIRTUAL'], ['ME'])
('2024-12-14 06:20:02', ['BLUE', 'GOAT', 'GRASS', 'HAPPY', 'HYPE', 'LINGO', 'MAD', 'ME', 'PRCL', 'SKI', 'SLF', 'SOL', 'SUI', 'VIRTUAL', 'XRP'], ['GOAT', 'XRP'])
('2024-12-14 06:30:01', ['BLUE', 'GRASS', 'HAPPY', 'HYPE', 'KIP', 'LINGO', 'MAD', 'ME', 'PRCL', 'SKI', 'SLF', 'SOL', 'SUI', 'VIRTUAL', 'XRP'], ['KIP'])
('2024-12-14 06:40:02', ['BLUE', 'BTC', 'FARTCOIN', 'GOAT', 'GRASS', 'HAPPY', 'HYPE', 'KIP', 'LINGO', 'MAD', 'ME', 'SKI', 'SLF', 'SUI', 'VIRTUAL'], ['BTC', 'FARTCOIN', 'GOAT'])
('2024-12-14 06:50:01', ['BLUE', 'FARTCOIN', 'GOAT', 'GRASS', 'HAPPY', 'HYPE', 'KIP', 'LINGO', 'MAD', 'ME', 'SKI', 'SLF', 'SOL', 'SUI', 'VIRTUAL'], ['SOL'])
('2024-12-14 07:00:02', ['BLUE', 'FARTCOIN', 'GOAT', 'HAPPY', 'HYPE', 'KIP', 'LINGO', 'MAD', 'ME', 'PURR', 'SKI', 'SLF', 'SOL', 'SUI', 'VIRTUAL'], ['PURR'])
('2024-12-14 07:10:01', ['BLUE', 'FARTCOIN', 'GOAT', 'HAPPY', 'HYPE', 'KIP', 'LINGO', 'MAD', 'ME', 'SKI', 'SLF', 'SOL', 'SUI', 'VELO', 'VIRTUAL'], ['VELO'])
('2024-12-14 07:20:02', ['AIXBT', 'BLUE', 'FARTCOIN', 'GOAT', 'HAPPY', 'HYPE', 'LINGO', 'MAD', 'ME', 'PURR', 'SKI', 'SOL', 'SUI', 'VELO', 'VIRTUAL'], ['AIXBT', 'PURR'])
('2024-12-14 07:30:01', ['AIXBT', 'BLUE', 'GOAT', 'HAPPY', 'HYPE', 'KIP', 'LINGO', 'MAD', 'ME', 'PURR', 'SKI', 'SOL', 'SUI', 'VELO', 'VIRTUAL'], ['KIP'])
('2024-12-14 07:40:01', ['AIXBT', 'BLUE', 'FARTCOIN', 'GOAT', 'HAPPY', 'HYPE', 'LINGO', 'MAD', 'ME', 'PURR', 'SKI', 'SOL', 'SUI', 'VELO', 'VIRTUAL'], ['FARTCOIN'])
('2024-12-14 07:50:02', ['BLUE', 'FARTCOIN', 'GOAT', 'HAPPY', 'HYPE', 'KIP', 'LINGO', 'MAD', 'ME', 'PRCL', 'PURR', 'SKI', 'SUI', 'VELO', 'VIRTUAL'], ['KIP', 'PRCL'])
('2024-12-14 08:00:01', ['BLUE', 'ETH', 'GOAT', 'HAPPY', 'HYPE', 'LINGO', 'LINK', 'MAD', 'ME', 'PRCL', 'PURR', 'SKI', 'SUI', 'VELO', 'VIRTUAL'], ['ETH', 'LINK'])
('2024-12-14 08:10:02', ['AERO', 'BLUE', 'HAPPY', 'HYPE', 'KIP', 'LINGO', 'MAD', 'ME', 'PEPE', 'PRCL', 'PURR', 'SUI', 'VELO', 'VIRTUAL', 'XRP'], ['AERO', 'KIP', 'PEPE', 'XRP'])
('2024-12-14 08:20:01', ['BLUE', 'ETH', 'HAPPY', 'HYPE', 'KIP', 'LINGO', 'MAD', 'ME', 'PEPE', 'PRCL', 'PURR', 'SUI', 'VELO', 'VIRTUAL', 'XRP'], ['ETH'])
('2024-12-14 08:30:01', ['BLUE', 'ETH', 'HAPPY', 'HYPE', 'KIP', 'LINGO', 'MAD', 'ME', 'PEPE', 'PRCL', 'PURR', 'SKI', 'SUI', 'VELO', 'VIRTUAL'], ['SKI'])
('2024-12-14 08:40:02', ['BLUE', 'HAPPY', 'HYPE', 'KIP', 'LINGO', 'MAD', 'ME', 'ONDO', 'PEPE', 'PRCL', 'PURR', 'SKI', 'SUI', 'VIRTUAL', 'XRP'], ['ONDO', 'XRP'])
('2024-12-14 08:50:01', ['BLUE', 'HAPPY', 'HYPE', 'KIP', 'LINGO', 'MAD', 'ME', 'ONDO', 'PEPE', 'PRCL', 'PURR', 'SKI', 'SUI', 'VELO', 'VIRTUAL'], ['VELO'])
('2024-12-14 09:00:02', ['BLUE', 'CPOOL', 'HAPPY', 'HYPE', 'KIP', 'LINGO', 'MAD', 'ME', 'ONDO', 'PRCL', 'PURR', 'SKI', 'SUI', 'VELO', 'VIRTUAL'], ['CPOOL'])
('2024-12-14 09:10:01', ['AIXBT', 'BLUE', 'HAPPY', 'HYPE', 'KIP', 'LINGO', 'MAD', 'ME', 'ONDO', 'PRCL', 'PURR', 'SKI', 'SUI', 'VELO', 'VIRTUAL'], ['AIXBT'])
('2024-12-14 09:20:01', ['AIXBT', 'BLUE', 'CPOOL', 'HAPPY', 'HYPE', 'KIP', 'LINGO', 'LINK', 'MAD', 'ME', 'ONDO', 'PRCL', 'SKI', 'SUI', 'VIRTUAL'], ['CPOOL', 'LINK'])
('2024-12-14 09:40:01', ['AIXBT', 'BLUE', 'FARTCOIN', 'HYPE', 'KIP', 'LINGO', 'LINK', 'MAD', 'ME', 'ONDO', 'PRCL', 'SKI', 'SUI', 'TURBO', 'VIRTUAL'], ['FARTCOIN', 'TURBO'])
('2024-12-14 09:50:02', ['AIXBT', 'BLUE', 'HAPPY', 'HYPE', 'KIP', 'LINGO', 'MAD', 'ME', 'ONDO', 'PRCL', 'SKI', 'SUI', 'TURBO', 'VIRTUAL', 'XRP'], ['HAPPY', 'XRP'])
('2024-12-14 10:10:02', ['AIXBT', 'BLUE', 'FARTCOIN', 'GOAT', 'HAPPY', 'HYPE', 'KIP', 'LINGO', 'MAD', 'ONDO', 'SKI', 'SOL', 'SUI', 'TURBO', 'VIRTUAL'], ['FARTCOIN', 'GOAT', 'SOL'])
('2024-12-14 10:20:01', ['AAVE', 'AIXBT', 'BLUE', 'HAPPY', 'HYPE', 'LINGO', 'MAD', 'ONDO', 'PEPE', 'SKI', 'SOL', 'SUI', 'TURBO', 'VELO', 'VIRTUAL'], ['AAVE', 'PEPE', 'VELO'])
('2024-12-14 10:30:01', ['AAVE', 'AIXBT', 'BLUE', 'ETH', 'GOAT', 'HYPE', 'LINGO', 'LINK', 'MAD', 'PEPE', 'SKI', 'SOL', 'SUI', 'TURBO', 'VIRTUAL'], ['ETH', 'GOAT', 'LINK'])
('2024-12-14 10:40:02', ['AAVE', 'AIXBT', 'BLUE', 'ETH', 'HAPPY', 'HYPE', 'LINGO', 'LINK', 'MAD', 'PEPE', 'SKI', 'SOL', 'SUI', 'TURBO', 'VIRTUAL'], ['HAPPY'])
('2024-12-14 10:50:01', ['AAVE', 'AIXBT', 'BLUE', 'ETH', 'GOAT', 'HAPPY', 'HYPE', 'LINGO', 'LINK', 'MAD', 'SKI', 'SOL', 'SUI', 'TURBO', 'VIRTUAL'], ['GOAT'])
('2024-12-14 11:00:02', ['AAVE', 'AIXBT', 'BLUE', 'GOAT', 'HAPPY', 'HYPE', 'LINGO', 'LINK', 'MAD', 'SKI', 'SOL', 'SUI', 'TURBO', 'VELO', 'VIRTUAL'], ['VELO'])
('2024-12-14 11:10:01', ['AERO', 'BLUE', 'GOAT', 'HAPPY', 'HYPE', 'LINGO', 'LINK', 'MAD', 'ME', 'SKI', 'SOL', 'SUI', 'TURBO', 'VIRTUAL', 'XRP'], ['AERO', 'ME', 'XRP'])
('2024-12-14 11:20:02', ['AERO', 'BLUE', 'GOAT', 'HAPPY', 'HYPE', 'LINGO', 'LINK', 'MAD', 'ONDO', 'SKI', 'SUI', 'TURBO', 'VELO', 'VIRTUAL', 'XRP'], ['ONDO', 'VELO'])
('2024-12-14 11:30:01', ['AERO', 'BLUE', 'CPOOL', 'GOAT', 'HAPPY', 'HYPE', 'LINGO', 'LINK', 'MAD', 'ONDO', 'SKI', 'SUI', 'TURBO', 'VIRTUAL', 'XRP'], ['CPOOL'])
('2024-12-14 11:40:01', ['AERO', 'BLUE', 'GOAT', 'HAPPY', 'HYPE', 'LINGO', 'LINK', 'MAD', 'ONDO', 'SKI', 'SUI', 'TURBO', 'VELO', 'VIRTUAL', 'XRP'], ['VELO'])
('2024-12-14 11:50:02', ['BLUE', 'CPOOL', 'HAPPY', 'HYPE', 'LINGO', 'LINK', 'MAD', 'ONDO', 'PRCL', 'SKI', 'SUI', 'TURBO', 'VELO', 'VIRTUAL', 'XRP'], ['CPOOL', 'PRCL'])
('2024-12-14 12:10:02', ['BLUE', 'CPOOL', 'ETH', 'HAPPY', 'HYPE', 'LINGO', 'LINK', 'MAD', 'PRCL', 'SKI', 'SUI', 'TURBO', 'VELO', 'VIRTUAL', 'XRP'], ['ETH'])
('2024-12-14 12:20:01', ['BLUE', 'CPOOL', 'HAPPY', 'HYPE', 'LINGO', 'LINK', 'MAD', 'ME', 'ONDO', 'PRCL', 'SKI', 'SUI', 'TURBO', 'VIRTUAL', 'XRP'], ['ME', 'ONDO'])
('2024-12-14 12:30:01', ['BLUE', 'CPOOL', 'HAPPY', 'HYPE', 'LINGO', 'LINK', 'MAD', 'ONDO', 'PRCL', 'PURR', 'SKI', 'SUI', 'TURBO', 'VIRTUAL', 'XRP'], ['PURR'])
('2024-12-14 12:40:02', ['AI16Z', 'AIXBT', 'BLUE', 'CPOOL', 'FARTCOIN', 'HAPPY', 'HYPE', 'LINGO', 'MAD', 'ONDO', 'SKI', 'SUI', 'TURBO', 'VIRTUAL', 'XRP'], ['AI16Z', 'AIXBT', 'FARTCOIN'])
('2024-12-14 12:50:01', ['BLUE', 'CPOOL', 'FARTCOIN', 'HAPPY', 'HYPE', 'LINGO', 'LINK', 'MAD', 'ONDO', 'QUBIC', 'SKI', 'SOL', 'SUI', 'TURBO', 'VIRTUAL'], ['LINK', 'QUBIC', 'SOL'])
('2024-12-14 13:00:02', ['BLUE', 'CPOOL', 'HAPPY', 'HYPE', 'LINGO', 'LINK', 'MAD', 'ONDO', 'QUBIC', 'SKI', 'SOL', 'SUI', 'TURBO', 'VINU', 'VIRTUAL'], ['VINU'])
('2024-12-14 13:20:01', ['BLUE', 'HAPPY', 'HYPE', 'KIP', 'LINGO', 'LINK', 'MAD', 'ONDO', 'QUBIC', 'SKI', 'SOL', 'SUI', 'TURBO', 'VINU', 'VIRTUAL'], ['KIP'])
('2024-12-14 13:30:02', ['BLUE', 'HAPPY', 'HYPE', 'LINGO', 'LINK', 'MAD', 'ONDO', 'PEPE', 'QUBIC', 'SKI', 'SOL', 'SUI', 'TURBO', 'VINU', 'VIRTUAL'], ['PEPE'])
('2024-12-14 14:00:01', ['BLUE', 'HAPPY', 'HYPE', 'KIP', 'LINGO', 'MAD', 'ME', 'ONDO', 'PEPE', 'QUBIC', 'SOL', 'SUI', 'TURBO', 'VINU', 'VIRTUAL'], ['KIP', 'ME'])
('2024-12-14 14:10:02', ['AAVE', 'BLUE', 'HAPPY', 'HYPE', 'LINGO', 'MAD', 'ME', 'ONDO', 'PEPE', 'QUBIC', 'SOL', 'SUI', 'TURBO', 'VINU', 'VIRTUAL'], ['AAVE'])
('2024-12-14 14:20:01', ['AAVE', 'BLUE', 'ETH', 'HAPPY', 'HYPE', 'LINGO', 'MAD', 'ME', 'ONDO', 'QUBIC', 'SOL', 'SUI', 'TURBO', 'VINU', 'VIRTUAL'], ['ETH'])
('2024-12-14 14:30:01', ['BLUE', 'BTC', 'ETH', 'HAPPY', 'HYPE', 'LINGO', 'LINK', 'MAD', 'ME', 'QUBIC', 'SOL', 'SUI', 'TURBO', 'VINU', 'VIRTUAL'], ['BTC', 'LINK'])
('2024-12-14 14:50:01', ['BLUE', 'BTC', 'CPOOL', 'ETH', 'HAPPY', 'HYPE', 'LINGO', 'LINK', 'MAD', 'QUBIC', 'SOL', 'SUI', 'TURBO', 'VINU', 'VIRTUAL'], ['CPOOL'])
('2024-12-14 15:00:02', ['BLUE', 'CPOOL', 'ETH', 'HAPPY', 'HYPE', 'LINGO', 'LINK', 'MAD', 'QUBIC', 'SKI', 'SOL', 'SUI', 'TURBO', 'VINU', 'VIRTUAL'], ['SKI'])
('2024-12-14 15:10:01', ['BLUE', 'CPOOL', 'ETH', 'HAPPY', 'HYPE', 'LINGO', 'LINK', 'MAD', 'ME', 'QUBIC', 'SKI', 'SUI', 'TURBO', 'VINU', 'VIRTUAL'], ['ME'])
('2024-12-14 15:30:02', ['CPOOL', 'HAPPY', 'HYPE', 'LINGO', 'LINK', 'MAD', 'ME', 'QUBIC', 'SHIRO', 'SKI', 'SUI', 'TURBO', 'VINU', 'VIRTUAL', 'WILD'], ['SHIRO', 'WILD'])
('2024-12-14 15:40:01', ['HAPPY', 'HYPE', 'LINGO', 'LINK', 'MAD', 'ME', 'QUBIC', 'SHIRO', 'SKI', 'SOL', 'SUI', 'TURBO', 'VINU', 'VIRTUAL', 'WILD'], ['SOL'])
('2024-12-14 15:50:02', ['CPOOL', 'HAPPY', 'HYPE', 'LINGO', 'LINK', 'MAD', 'QUBIC', 'SHIRO', 'SKI', 'SOL', 'SUI', 'TURBO', 'VINU', 'VIRTUAL', 'WILD'], ['CPOOL'])
('2024-12-14 16:00:01', ['CPOOL', 'HAPPY', 'HYPE', 'LINGO', 'LINK', 'MAD', 'ME', 'QUBIC', 'SHIRO', 'SOL', 'SUI', 'TURBO', 'VINU', 'VIRTUAL', 'WILD'], ['ME'])
('2024-12-14 16:10:02', ['AIXBT', 'HAPPY', 'HYPE', 'LINGO', 'LINK', 'MAD', 'ME', 'QUBIC', 'SHIRO', 'SOL', 'SUI', 'TURBO', 'VINU', 'VIRTUAL', 'WILD'], ['AIXBT'])
('2024-12-14 16:20:01', ['HAPPY', 'HYPE', 'LINGO', 'LINK', 'MAD', 'ME', 'ONDO', 'QUBIC', 'SHIRO', 'SOL', 'SUI', 'TURBO', 'VINU', 'VIRTUAL', 'WILD'], ['ONDO'])
('2024-12-14 16:30:02', ['HAPPY', 'HYPE', 'LINGO', 'LINK', 'MAD', 'ME', 'PEPE', 'QUBIC', 'SHIRO', 'SOL', 'SUI', 'TURBO', 'VINU', 'VIRTUAL', 'WILD'], ['PEPE'])
('2024-12-14 16:50:01', ['ETH', 'HAPPY', 'HYPE', 'LINGO', 'LINK', 'MAD', 'ME', 'QUBIC', 'SHIRO', 'SOL', 'SUI', 'TURBO', 'VINU', 'VIRTUAL', 'WILD'], ['ETH'])
('2024-12-14 17:00:02', ['AERO', 'ETH', 'HAPPY', 'HYPE', 'LINGO', 'LINK', 'MAD', 'ME', 'QUBIC', 'SHIRO', 'SOL', 'SUI', 'TURBO', 'VINU', 'VIRTUAL'], ['AERO'])
('2024-12-14 17:20:02', ['ETH', 'HAPPY', 'HYPE', 'LINGO', 'LINK', 'MAD', 'ME', 'QUBIC', 'SHIRO', 'SOL', 'SUI', 'TURBO', 'VINU', 'VIRTUAL', 'XRP'], ['XRP'])
('2024-12-14 17:50:01', ['BLUE', 'ETH', 'HAPPY', 'HYPE', 'LINGO', 'LINK', 'MAD', 'ME', 'QUBIC', 'SHIRO', 'SOL', 'SUI', 'TURBO', 'VINU', 'VIRTUAL'], ['BLUE'])
('2024-12-14 18:00:02', ['BLUE', 'HAPPY', 'HYPE', 'LINGO', 'LINK', 'MAD', 'ME', 'QUBIC', 'SHIRO', 'SOL', 'SUI', 'TURBO', 'VINU', 'VIRTUAL', 'WILD'], ['WILD'])
('2024-12-14 18:10:01', ['BLUE', 'HAPPY', 'HYPE', 'LINGO', 'LINK', 'MAD', 'ME', 'QUBIC', 'SHIRO', 'SOL', 'SUI', 'TAO', 'TURBO', 'VINU', 'VIRTUAL'], ['TAO'])
('2024-12-14 18:30:02', ['BLUE', 'FARTCOIN', 'HAPPY', 'HYPE', 'LINGO', 'LINK', 'MAD', 'ME', 'QUBIC', 'SOL', 'SUI', 'TAO', 'TURBO', 'VINU', 'VIRTUAL'], ['FARTCOIN'])
('2024-12-14 18:40:01', ['BLUE', 'FARTCOIN', 'HAPPY', 'HYPE', 'LINGO', 'LINK', 'MAD', 'ME', 'QUBIC', 'SHIRO', 'SOL', 'SUI', 'TURBO', 'VINU', 'VIRTUAL'], ['SHIRO'])
('2024-12-14 18:50:02', ['AIXBT', 'BLUE', 'HAPPY', 'HYPE', 'LINGO', 'LINK', 'MAD', 'ME', 'QUBIC', 'SHIRO', 'SOL', 'SUI', 'TURBO', 'VINU', 'VIRTUAL'], ['AIXBT'])
('2024-12-14 19:20:01', ['AIXBT', 'BLUE', 'HAPPY', 'HYPE', 'LINGO', 'MAD', 'ME', 'PIN', 'QUBIC', 'SHIRO', 'SOL', 'SUI', 'TURBO', 'VINU', 'VIRTUAL'], ['PIN'])
('2024-12-14 19:30:02', ['BLUE', 'HAPPY', 'HYPE', 'LINGO', 'LINK', 'MAD', 'ME', 'PIN', 'QUBIC', 'SHIRO', 'SOL', 'SUI', 'TURBO', 'VINU', 'VIRTUAL'], ['LINK'])
('2024-12-14 19:40:01', ['AERO', 'AIXBT', 'HAPPY', 'HYPE', 'LINGO', 'LINK', 'MAD', 'ME', 'PIN', 'QUBIC', 'SHIRO', 'SOL', 'SUI', 'VINU', 'VIRTUAL'], ['AERO', 'AIXBT'])
('2024-12-14 19:50:01', ['AERO', 'ETH', 'HAPPY', 'HYPE', 'LINGO', 'LINK', 'MAD', 'ME', 'QUBIC', 'SHIRO', 'SOL', 'SUI', 'VINU', 'VIRTUAL', 'ZEUS'], ['ETH', 'ZEUS'])
('2024-12-14 20:00:02', ['AERO', 'ETH', 'HAPPY', 'HYPE', 'LINGO', 'LINK', 'MAD', 'ME', 'QUBIC', 'SHIRO', 'SOL', 'SUI', 'VINU', 'VIRTUAL', 'WILD'], ['WILD'])
('2024-12-14 20:10:01', ['ENA', 'ETH', 'HAPPY', 'HYPE', 'LINGO', 'LINK', 'MAD', 'ME', 'PEPE', 'QUBIC', 'SOL', 'SUI', 'VINU', 'VIRTUAL', 'ZEUS'], ['ENA', 'PEPE', 'ZEUS'])
('2024-12-14 20:20:02', ['AI16Z', 'ENA', 'ETH', 'FARTCOIN', 'HAPPY', 'HYPE', 'LINGO', 'MAD', 'ME', 'PEPE', 'SOL', 'SUI', 'VINU', 'VIRTUAL', 'ZEUS'], ['AI16Z', 'FARTCOIN'])
('2024-12-14 20:40:01', ['BLUE', 'ENA', 'ETH', 'HAPPY', 'HYPE', 'LINGO', 'MAD', 'ME', 'SOL', 'SUI', 'VINU', 'VIRTUAL', 'VVAIFU', 'WILD', 'ZEUS'], ['BLUE', 'VVAIFU', 'WILD'])
('2024-12-14 20:50:02', ['BLUE', 'ENA', 'FARTCOIN', 'HAPPY', 'HYPE', 'LINGO', 'MAD', 'ME', 'PAI', 'SOL', 'SUI', 'VINU', 'VIRTUAL', 'VVAIFU', 'ZEUS'], ['FARTCOIN', 'PAI'])
('2024-12-14 21:00:01', ['DOGE', 'ENA', 'FARTCOIN', 'HAPPY', 'HYPE', 'LINGO', 'MAD', 'ME', 'PAI', 'SOL', 'SUI', 'VINU', 'VIRTUAL', 'VVAIFU', 'ZEUS'], ['DOGE'])
('2024-12-14 21:10:02', ['ENA', 'ETH', 'FARTCOIN', 'GOAT', 'HAPPY', 'HYPE', 'LINGO', 'LINK', 'MAD', 'ME', 'PAI', 'SUI', 'VINU', 'VIRTUAL', 'VVAIFU'], ['ETH', 'GOAT', 'LINK'])
('2024-12-14 21:30:02', ['ENA', 'FARTCOIN', 'GOAT', 'HAPPY', 'HYPE', 'LINGO', 'LINK', 'MAD', 'ME', 'ONDO', 'PEPE', 'SUI', 'VINU', 'VIRTUAL', 'VVAIFU'], ['ONDO', 'PEPE'])
('2024-12-14 21:40:01', ['BTC', 'ENA', 'ETH', 'FARTCOIN', 'GOAT', 'HAPPY', 'HYPE', 'LINGO', 'MAD', 'ME', 'ONDO', 'SUI', 'VINU', 'VIRTUAL', 'VVAIFU'], ['BTC', 'ETH'])
('2024-12-14 21:50:01', ['BLUE', 'ENA', 'ETH', 'HAPPY', 'HYPE', 'LINGO', 'MAD', 'ME', 'ONDO', 'QUBIC', 'SOL', 'SUI', 'VINU', 'VIRTUAL', 'VVAIFU'], ['BLUE', 'QUBIC', 'SOL'])
('2024-12-14 22:30:01', ['AIOZ', 'BLUE', 'ENA', 'ETH', 'HAPPY', 'HYPE', 'LINGO', 'MAD', 'ME', 'ONDO', 'QUBIC', 'SOL', 'SUI', 'VINU', 'VIRTUAL'], ['AIOZ'])
('2024-12-14 22:40:01', ['BLUE', 'ENA', 'ETH', 'HAPPY', 'HYPE', 'LINGO', 'MAD', 'ME', 'ONDO', 'QUBIC', 'SOL', 'SUI', 'VINU', 'VIRTUAL', 'VVAIFU'], ['VVAIFU'])
('2024-12-14 22:50:02', ['BLUE', 'ENA', 'ETH', 'HAPPY', 'HYPE', 'LINGO', 'MAD', 'ME', 'ONDO', 'QUBIC', 'SOL', 'SUI', 'VINU', 'VIRTUAL', 'XRP'], ['XRP'])
('2024-12-14 23:00:01', ['BLUE', 'ENA', 'ETH', 'HAPPY', 'HYPE', 'LINGO', 'LINK', 'MAD', 'ME', 'ONDO', 'QUBIC', 'SOL', 'SUI', 'VINU', 'VIRTUAL'], ['LINK'])
('2024-12-14 23:10:02', ['BLUE', 'ENA', 'ETH', 'HAPPY', 'HYPE', 'LINGO', 'LINK', 'MAD', 'ME', 'ONDO', 'SOL', 'SUI', 'VINU', 'VIRTUAL', 'WILD'], ['WILD'])
('2024-12-14 23:20:01', ['BLUE', 'ENA', 'GOAT', 'HAPPY', 'HYPE', 'LINGO', 'LINK', 'MAD', 'ME', 'ONDO', 'SOL', 'SUI', 'VINU', 'VIRTUAL', 'ZEUS'], ['GOAT', 'ZEUS'])
('2024-12-14 23:30:02', ['BLUE', 'ENA', 'HAPPY', 'HYPE', 'LINGO', 'LINK', 'MAD', 'ME', 'ONDO', 'SHIRO', 'SOL', 'SUI', 'VINU', 'VIRTUAL', 'ZEUS'], ['SHIRO'])
('2024-12-15 00:00:01', ['BLUE', 'ENA', 'HAPPY', 'HYPE', 'LINGO', 'LINK', 'MAD', 'ME', 'SHIRO', 'SOL', 'SUI', 'VINU', 'VIRTUAL', 'VVAIFU', 'ZEUS'], ['VVAIFU'])
('2024-12-15 00:10:02', ['BLUE', 'ENA', 'HAPPY', 'HYPE', 'LINGO', 'LINK', 'MAD', 'ME', 'PEPE', 'SHIRO', 'SOL', 'SUI', 'VINU', 'VIRTUAL', 'ZEUS'], ['PEPE'])
('2024-12-15 00:20:01', ['AIXBT', 'BLUE', 'ENA', 'HAPPY', 'HYPE', 'LINGO', 'MAD', 'ME', 'PEPE', 'SHIRO', 'SOL', 'SUI', 'VINU', 'VIRTUAL', 'ZEUS'], ['AIXBT'])
('2024-12-15 00:30:02', ['AI16Z', 'BLUE', 'ENA', 'HAPPY', 'HYPE', 'LINGO', 'MAD', 'ME', 'ONDO', 'SHIRO', 'SOL', 'SUI', 'VINU', 'VIRTUAL', 'ZEUS'], ['AI16Z', 'ONDO'])
('2024-12-15 00:40:01', ['AI16Z', 'AIXBT', 'BLUE', 'ENA', 'HAPPY', 'HYPE', 'LINGO', 'MAD', 'ME', 'SHIRO', 'SOL', 'SUI', 'VINU', 'VIRTUAL', 'ZEUS'], ['AIXBT'])
('2024-12-15 01:00:02', ['AI16Z', 'BLUE', 'ENA', 'HAPPY', 'HYPE', 'LINGO', 'MAD', 'ME', 'SHIRO', 'SOL', 'SUI', 'TAO', 'VINU', 'VIRTUAL', 'ZEUS'], ['TAO'])
('2024-12-15 01:10:01', ['AI16Z', 'AIXBT', 'BLUE', 'ENA', 'HAPPY', 'HYPE', 'LINGO', 'MAD', 'ME', 'SHIRO', 'SKI', 'SUI', 'VINU', 'VIRTUAL', 'ZEUS'], ['AIXBT', 'SKI'])
('2024-12-15 01:20:02', ['AI16Z', 'AIXBT', 'BLUE', 'ENA', 'HAPPY', 'HYPE', 'LINGO', 'MAD', 'ME', 'SHIRO', 'SOL', 'SUI', 'VINU', 'VIRTUAL', 'ZEUS'], ['SOL'])
('2024-12-15 01:30:01', ['BLUE', 'ENA', 'HAPPY', 'HYPE', 'LINGO', 'LINK', 'MAD', 'ME', 'POPCAT', 'SHIRO', 'SOL', 'SUI', 'VINU', 'VIRTUAL', 'ZEUS'], ['LINK', 'POPCAT'])
('2024-12-15 01:50:01', ['BLUE', 'ENA', 'HAPPY', 'HYPE', 'LINGO', 'MAD', 'ME', 'PEPE', 'POPCAT', 'SHIRO', 'SOL', 'SUI', 'VINU', 'VIRTUAL', 'ZEUS'], ['PEPE'])
('2024-12-15 02:00:01', ['BLUE', 'ENA', 'ETH', 'HAPPY', 'HYPE', 'LINGO', 'LINK', 'MAD', 'ME', 'PEPE', 'SHIRO', 'SOL', 'SUI', 'VIRTUAL', 'ZEUS'], ['ETH', 'LINK'])
('2024-12-15 02:40:01', ['AAVE', 'AI16Z', 'BLUE', 'ENA', 'HAPPY', 'HYPE', 'LINGO', 'LINK', 'MAD', 'ME', 'PEPE', 'SHIRO', 'SOL', 'SUI', 'VIRTUAL'], ['AAVE', 'AI16Z'])
('2024-12-15 02:50:01', ['AAVE', 'BLUE', 'ENA', 'HAPPY', 'HYPE', 'LINGO', 'LINK', 'MAD', 'ME', 'SHIRO', 'SOL', 'SUI', 'VIRTUAL', 'WILD', 'ZEUS'], ['WILD', 'ZEUS'])
('2024-12-15 03:00:02', ['AAVE', 'AIXBT', 'ENA', 'HYPE', 'LINGO', 'LINK', 'MAD', 'ME', 'PEPE', 'SHIRO', 'SOL', 'SUI', 'VIRTUAL', 'WILD', 'ZEUS'], ['AIXBT', 'PEPE'])
('2024-12-15 03:10:01', ['AAVE', 'BLUE', 'ENA', 'FARTCOIN', 'HYPE', 'LINGO', 'MAD', 'ME', 'PEPE', 'SHIRO', 'SOL', 'SUI', 'VIRTUAL', 'WILD', 'ZEUS'], ['BLUE', 'FARTCOIN'])
('2024-12-15 03:20:02', ['AAVE', 'AERO', 'BLUE', 'ENA', 'FARTCOIN', 'HYPE', 'LINGO', 'MAD', 'ME', 'PEPE', 'SHIRO', 'SOL', 'SUI', 'VIRTUAL', 'WILD'], ['AERO'])
('2024-12-15 03:30:01', ['AAVE', 'AI16Z', 'BLUE', 'ENA', 'HYPE', 'LINGO', 'MAD', 'PEPE', 'SHIRO', 'SOL', 'SUI', 'VIRTUAL', 'WILD', 'XRP', 'ZEUS'], ['AI16Z', 'XRP', 'ZEUS'])
('2024-12-15 03:40:02', ['AAVE', 'AERO', 'BLUE', 'ENA', 'HYPE', 'LINGO', 'LINK', 'MAD', 'PEPE', 'SHIRO', 'SKI', 'SOL', 'SUI', 'VIRTUAL', 'WILD'], ['AERO', 'LINK', 'SKI'])
('2024-12-15 03:50:01', ['AAVE', 'AERO', 'AI16Z', 'BLUE', 'ENA', 'HYPE', 'LINGO', 'LINK', 'MAD', 'PEPE', 'SHIRO', 'SOL', 'SUI', 'VIRTUAL', 'WILD'], ['AI16Z'])
('2024-12-15 04:10:02', ['AI16Z', 'BLUE', 'ENA', 'HYPE', 'LINGO', 'LINK', 'MAD', 'ME', 'ONDO', 'PEPE', 'SHIRO', 'SUI', 'VIRTUAL', 'WILD', 'ZEUS'], ['ME', 'ONDO', 'ZEUS'])
('2024-12-15 04:20:01', ['AAVE', 'AI16Z', 'BLUE', 'ENA', 'ETH', 'HYPE', 'LINGO', 'MAD', 'ME', 'ONDO', 'SHIRO', 'SUI', 'VIRTUAL', 'VVAIFU', 'ZEUS'], ['AAVE', 'ETH', 'VVAIFU'])
('2024-12-15 04:30:02', ['AAVE', 'AI16Z', 'AIXBT', 'BLUE', 'ENA', 'ETH', 'HYPE', 'LINGO', 'LINK', 'MAD', 'ME', 'ONDO', 'SHIRO', 'SUI', 'VIRTUAL'], ['AIXBT', 'LINK'])
('2024-12-15 04:40:01', ['AI16Z', 'AIXBT', 'BLUE', 'ENA', 'ETH', 'HYPE', 'LINGO', 'MAD', 'ME', 'ONDO', 'SHIRO', 'SUI', 'VIRTUAL', 'VVAIFU', 'WILD'], ['VVAIFU', 'WILD'])
('2024-12-15 04:50:01', ['AI16Z', 'AIXBT', 'BLUE', 'ENA', 'ETH', 'HBAR', 'HYPE', 'LINGO', 'MAD', 'ME', 'ONDO', 'SHIRO', 'SUI', 'VIRTUAL', 'WILD'], ['HBAR'])
('2024-12-15 05:00:02', ['AI16Z', 'AIXBT', 'BLUE', 'ENA', 'ETH', 'FARTCOIN', 'HYPE', 'LINGO', 'MAD', 'ME', 'ONDO', 'SHIRO', 'SUI', 'VIRTUAL', 'XRP'], ['FARTCOIN', 'XRP'])
('2024-12-15 05:10:01', ['AI16Z', 'AIXBT', 'BLUE', 'ENA', 'ETH', 'HYPE', 'LINGO', 'LINK', 'MAD', 'ME', 'ONDO', 'SHIRO', 'SUI', 'VIRTUAL', 'XRP'], ['LINK'])
('2024-12-15 05:20:02', ['AI16Z', 'AIXBT', 'BLUE', 'ENA', 'ETH', 'HYPE', 'LINGO', 'LINK', 'MAD', 'ONDO', 'SHIRO', 'SOL', 'SUI', 'VIRTUAL', 'XRP'], ['SOL'])
('2024-12-15 05:30:01', ['AAVE', 'AIXBT', 'BLUE', 'ENA', 'HYPE', 'LINGO', 'LINK', 'MAD', 'ME', 'ONDO', 'SHIRO', 'SOL', 'SUI', 'VIRTUAL', 'XRP'], ['AAVE', 'ME'])
('2024-12-15 05:40:02', ['AIXBT', 'BLUE', 'ENA', 'HYPE', 'IDIA', 'LINGO', 'MAD', 'ME', 'ONDO', 'POPCAT', 'SHIRO', 'SOL', 'SUI', 'VIRTUAL', 'XRP'], ['IDIA', 'POPCAT'])
('2024-12-15 05:50:01', ['AIXBT', 'BLUE', 'ENA', 'GOAT', 'HYPE', 'IDIA', 'LINGO', 'MAD', 'ME', 'ONDO', 'SHIRO', 'SOL', 'SUI', 'VIRTUAL', 'XRP'], ['GOAT'])
('2024-12-15 06:00:01', ['AI16Z', 'AIXBT', 'BLUE', 'ENA', 'GOAT', 'HYPE', 'IDIA', 'LINGO', 'MAD', 'ME', 'SHIRO', 'SOL', 'SUI', 'VIRTUAL', 'XRP'], ['AI16Z'])
('2024-12-15 06:10:02', ['AI16Z', 'AIXBT', 'BLUE', 'ENA', 'FARTCOIN', 'GOAT', 'HYPE', 'LINGO', 'MAD', 'ME', 'SHIRO', 'SOL', 'SUI', 'VIRTUAL', 'VVAIFU'], ['FARTCOIN', 'VVAIFU'])
('2024-12-15 06:20:01', ['AIXBT', 'BLUE', 'ENA', 'FARTCOIN', 'GOAT', 'HYPE', 'LINGO', 'MAD', 'ME', 'SHIRO', 'SOL', 'SUI', 'VIRTUAL', 'VVAIFU', 'ZEUS'], ['ZEUS'])
('2024-12-15 06:30:02', ['AI16Z', 'AIXBT', 'BLUE', 'ENA', 'FARTCOIN', 'GOAT', 'HYPE', 'LINGO', 'MAD', 'ME', 'SHIRO', 'SOL', 'SUI', 'VIRTUAL', 'VVAIFU'], ['AI16Z'])
('2024-12-15 06:50:01', ['AI16Z', 'AIXBT', 'BLUE', 'ENA', 'GOAT', 'HYPE', 'LINGO', 'MAD', 'PEPE', 'SHIRO', 'SOL', 'SUI', 'VIRTUAL', 'VVAIFU', 'XRP'], ['PEPE', 'XRP'])
('2024-12-15 07:00:02', ['AI16Z', 'AIXBT', 'BLUE', 'ENA', 'GOAT', 'HYPE', 'LINGO', 'LINK', 'MAD', 'ME', 'SHIRO', 'SOL', 'SUI', 'VIRTUAL', 'VVAIFU'], ['LINK', 'ME'])
('2024-12-15 07:10:01', ['AI16Z', 'AIXBT', 'BLUE', 'ENA', 'GOAT', 'HYPE', 'LINGO', 'LINK', 'MAD', 'ME', 'PEPE', 'SHIRO', 'SOL', 'SUI', 'VIRTUAL'], ['PEPE'])
('2024-12-15 07:20:02', ['AI16Z', 'BLUE', 'ENA', 'GOAT', 'HYPE', 'LINGO', 'LINK', 'MAD', 'ME', 'PEPE', 'SHIRO', 'SOL', 'SUI', 'VIRTUAL', 'XRP'], ['XRP'])
('2024-12-15 07:30:01', ['AAVE', 'AIXBT', 'BTC', 'ENA', 'FARTCOIN', 'GOAT', 'HAPPY', 'HYPE', 'LINGO', 'MAD', 'SHIRO', 'SOL', 'SUI', 'VIRTUAL', 'XRP'], ['AAVE', 'AIXBT', 'BTC', 'FARTCOIN', 'HAPPY'])
('2024-12-15 07:40:02', ['AAVE', 'AIXBT', 'BTC', 'ENA', 'ETH', 'GOAT', 'HAPPY', 'HYPE', 'LINGO', 'MAD', 'PEPE', 'SHIRO', 'SOL', 'SUI', 'VIRTUAL'], ['ETH', 'PEPE'])
('2024-12-15 08:00:01', ['BTC', 'ENA', 'ETH', 'HAPPY', 'HYPE', 'LINGO', 'MAD', 'NEAR', 'ONDO', 'PEPE', 'SHIRO', 'SOL', 'SUI', 'VIRTUAL', 'XRP'], ['NEAR', 'ONDO', 'XRP'])
('2024-12-15 08:10:01', ['BTC', 'ENA', 'HAPPY', 'HYPE', 'LINGO', 'LINK', 'MAD', 'NEAR', 'PEPE', 'POPCAT', 'SHIRO', 'SOL', 'SUI', 'VIRTUAL', 'XRP'], ['LINK', 'POPCAT'])
('2024-12-15 08:20:01', ['ENA', 'ETH', 'HAPPY', 'HYPE', 'LINGO', 'LINK', 'MAD', 'NEAR', 'ONDO', 'POPCAT', 'SHIRO', 'SOL', 'SUI', 'VIRTUAL', 'XRP'], ['ETH', 'ONDO'])
('2024-12-15 08:30:02', ['AAVE', 'BLUE', 'ENA', 'ETH', 'HAPPY', 'HYPE', 'LINGO', 'LINK', 'MAD', 'NEAR', 'SHIRO', 'SOL', 'SUI', 'VIRTUAL', 'XRP'], ['AAVE', 'BLUE'])
('2024-12-15 08:40:01', ['BLUE', 'DOGE', 'ENA', 'GOAT', 'HAPPY', 'HYPE', 'LINGO', 'LINK', 'MAD', 'NEAR', 'SHIRO', 'SOL', 'SUI', 'VIRTUAL', 'XRP'], ['DOGE', 'GOAT'])
('2024-12-15 08:50:02', ['BLUE', 'ENA', 'GOAT', 'HAPPY', 'HYPE', 'LINGO', 'LINK', 'MAD', 'NEAR', 'SHIRO', 'SKI', 'SOL', 'SUI', 'VIRTUAL', 'XRP'], ['SKI'])
('2024-12-15 09:00:01', ['AAVE', 'BLUE', 'ENA', 'GOAT', 'HAPPY', 'HYPE', 'LINGO', 'LINK', 'MAD', 'SHIRO', 'SOL', 'SUI', 'VIRTUAL', 'WILD', 'XRP'], ['AAVE', 'WILD'])
('2024-12-15 09:10:01', ['AAVE', 'BLUE', 'ENA', 'GOAT', 'HAPPY', 'HYPE', 'LINGO', 'LINK', 'MAD', 'ME', 'SHIRO', 'SOL', 'SUI', 'VIRTUAL', 'XRP'], ['ME'])
('2024-12-15 09:20:01', ['AAVE', 'AIXBT', 'BLUE', 'ENA', 'HAPPY', 'HYPE', 'LINGO', 'LINK', 'MAD', 'ME', 'SHIRO', 'SUI', 'VIRTUAL', 'WILD', 'XRP'], ['AIXBT', 'WILD'])
('2024-12-15 09:30:01', ['AAVE', 'AIXBT', 'BLUE', 'ENA', 'ETH', 'HAPPY', 'HYPE', 'LINGO', 'LINK', 'MAD', 'ME', 'SUI', 'VIRTUAL', 'WILD', 'XRP'], ['ETH'])
('2024-12-15 09:40:02', ['AIXBT', 'BLUE', 'ENA', 'ETH', 'HAPPY', 'HNT', 'HYPE', 'LINGO', 'MAD', 'ME', 'SOL', 'SUI', 'VIRTUAL', 'WILD', 'XRP'], ['HNT', 'SOL'])
('2024-12-15 10:00:02', ['BLUE', 'BTC', 'ENA', 'ETH', 'HAPPY', 'HNT', 'HYPE', 'LINGO', 'MAD', 'ME', 'ONDO', 'SOL', 'SUI', 'VIRTUAL', 'XRP'], ['BTC', 'ONDO'])
('2024-12-15 10:10:01', ['BLUE', 'ENA', 'ETH', 'HAPPY', 'HNT', 'HYPE', 'LINGO', 'MAD', 'ME', 'ONDO', 'SOL', 'SUI', 'VIRTUAL', 'WILD', 'XRP'], ['WILD'])
('2024-12-15 10:20:02', ['BLUE', 'DOGE', 'ENA', 'ETH', 'HAPPY', 'HNT', 'HYPE', 'LINGO', 'MAD', 'ONDO', 'PEPE', 'SOL', 'SUI', 'VINU', 'VIRTUAL'], ['DOGE', 'PEPE', 'VINU'])
('2024-12-15 10:40:01', ['BLUE', 'ENA', 'ETH', 'HAPPY', 'HNT', 'HYPE', 'KIP', 'LINGO', 'MAD', 'PEPE', 'SHIRO', 'SOL', 'SUI', 'VINU', 'VIRTUAL'], ['KIP', 'SHIRO'])
('2024-12-15 10:50:02', ['BLUE', 'DOGE', 'ENA', 'ETH', 'HAPPY', 'HNT', 'HYPE', 'LINGO', 'MAD', 'PEPE', 'SHIRO', 'SOL', 'SUI', 'VINU', 'VIRTUAL'], ['DOGE'])
('2024-12-15 11:00:01', ['DOGE', 'ENA', 'ETH', 'GRASS', 'HAPPY', 'HNT', 'HYPE', 'LINGO', 'MAD', 'PEPE', 'SHIRO', 'SOL', 'SUI', 'VINU', 'VIRTUAL'], ['GRASS'])
('2024-12-15 11:10:01', ['BLUE', 'DOGE', 'ENA', 'ETH', 'GRASS', 'HAPPY', 'HNT', 'HYPE', 'LINGO', 'MAD', 'PEPE', 'SOL', 'SUI', 'VINU', 'VIRTUAL'], ['BLUE'])
('2024-12-15 11:20:01', ['AAVE', 'BLUE', 'ENA', 'ETH', 'GRASS', 'HAPPY', 'HNT', 'HYPE', 'LINGO', 'MAD', 'SOL', 'SUI', 'VINU', 'VIRTUAL', 'ZEUS'], ['AAVE', 'ZEUS'])
('2024-12-15 11:40:02', ['AAVE', 'BLUE', 'ENA', 'ETH', 'HAPPY', 'HNT', 'HYPE', 'LINGO', 'LINK', 'MAD', 'PEPE', 'SOL', 'SUI', 'VIRTUAL', 'ZEUS'], ['LINK', 'PEPE'])
('2024-12-15 11:50:01', ['AAVE', 'BLUE', 'ENA', 'ETH', 'HAPPY', 'HYPE', 'LINGO', 'LINK', 'MAD', 'ME', 'SOL', 'SUI', 'VIRTUAL', 'VVAIFU', 'ZEUS'], ['ME', 'VVAIFU'])
('2024-12-15 12:00:02', ['AAVE', 'BLUE', 'BTC', 'ENA', 'ETH', 'HAPPY', 'HYPE', 'LINGO', 'LINK', 'MAD', 'PEPE', 'SOL', 'SUI', 'VINU', 'VIRTUAL'], ['BTC', 'PEPE', 'VINU'])
('2024-12-15 12:20:02', ['AAVE', 'BTC', 'ENA', 'ETH', 'HAPPY', 'HYPE', 'LINGO', 'LINK', 'MAD', 'ME', 'ONDO', 'SOL', 'SUI', 'VINU', 'VIRTUAL'], ['ME', 'ONDO'])
('2024-12-15 12:30:01', ['AAVE', 'BLUE', 'BTC', 'ENA', 'ETH', 'HAPPY', 'HYPE', 'LINGO', 'LINK', 'MAD', 'ME', 'SOL', 'SUI', 'VINU', 'VIRTUAL'], ['BLUE'])
('2024-12-15 12:50:02', ['BLUE', 'BTC', 'ENA', 'ETH', 'HAPPY', 'HYPE', 'LINGO', 'LINK', 'MAD', 'ME', 'ONDO', 'SOL', 'SUI', 'VINU', 'VIRTUAL'], ['ONDO'])
('2024-12-15 13:00:01', ['BLUE', 'BTC', 'ENA', 'ETH', 'GRASS', 'HAPPY', 'HYPE', 'LINGO', 'LINK', 'MAD', 'ME', 'ONDO', 'SOL', 'SUI', 'VIRTUAL'], ['GRASS'])
('2024-12-15 13:10:02', ['AAVE', 'BLUE', 'BTC', 'ENA', 'ETH', 'GRASS', 'HAPPY', 'HYPE', 'LINGO', 'LINK', 'MAD', 'ME', 'SOL', 'SUI', 'VIRTUAL'], ['AAVE'])
('2024-12-15 13:20:01', ['BLUE', 'BTC', 'ENA', 'ETH', 'GRASS', 'HAPPY', 'HYPE', 'LINGO', 'LINK', 'MAD', 'ME', 'SOL', 'SUI', 'VIRTUAL', 'XRP'], ['XRP'])
('2024-12-15 13:30:01', ['AAVE', 'BLUE', 'ENA', 'ETH', 'GRASS', 'HAPPY', 'HYPE', 'LINGO', 'LINK', 'MAD', 'ME', 'ONDO', 'SOL', 'SUI', 'VIRTUAL'], ['AAVE', 'ONDO'])
('2024-12-15 13:40:01', ['AAVE', 'ENA', 'ETH', 'GRASS', 'HAPPY', 'HYPE', 'LINGO', 'LINK', 'MAD', 'ME', 'ONDO', 'PYTH', 'SOL', 'SUI', 'VIRTUAL'], ['PYTH'])
('2024-12-15 13:50:01', ['AAVE', 'BLUE', 'ENA', 'ETH', 'GRASS', 'HAPPY', 'HYPE', 'LINGO', 'LINK', 'MAD', 'ME', 'PYTH', 'SOL', 'SUI', 'VIRTUAL'], ['BLUE'])
('2024-12-15 14:10:01', ['AAVE', 'BTC', 'ENA', 'ETH', 'GRASS', 'HAPPY', 'HYPE', 'LINGO', 'MAD', 'ME', 'PEPE', 'PYTH', 'SOL', 'SUI', 'VIRTUAL'], ['BTC', 'PEPE'])
('2024-12-15 14:20:02', ['AAVE', 'BTC', 'ENA', 'ETH', 'HAPPY', 'HYPE', 'LINGO', 'MAD', 'ME', 'NEAR', 'PEPE', 'PYTH', 'SOL', 'SUI', 'VIRTUAL'], ['NEAR'])
('2024-12-15 14:30:01', ['AAVE', 'BTC', 'ENA', 'ETH', 'GRASS', 'HAPPY', 'HYPE', 'LINGO', 'MAD', 'NEAR', 'PEPE', 'PYTH', 'SOL', 'SUI', 'VIRTUAL'], ['GRASS'])
('2024-12-15 14:50:01', ['AAVE', 'BTC', 'ENA', 'ETH', 'HAPPY', 'HYPE', 'LINGO', 'MAD', 'NEAR', 'PEPE', 'PYTH', 'QUBIC', 'SOL', 'SUI', 'VIRTUAL'], ['QUBIC'])
('2024-12-15 15:00:01', ['AAVE', 'ENA', 'ETH', 'HAPPY', 'HYPE', 'LINGO', 'MAD', 'ME', 'NEAR', 'PEPE', 'PYTH', 'QUBIC', 'SOL', 'SUI', 'VIRTUAL'], ['ME'])
('2024-12-15 15:10:02', ['AAVE', 'APT', 'ENA', 'ETH', 'HAPPY', 'HYPE', 'LINGO', 'MAD', 'ME', 'NEAR', 'PYTH', 'QUBIC', 'SOL', 'SUI', 'VIRTUAL'], ['APT'])
('2024-12-15 15:20:01', ['AAVE', 'AIXBT', 'ENA', 'GRASS', 'HAPPY', 'HYPE', 'LINGO', 'MAD', 'ME', 'NEAR', 'PYTH', 'QUBIC', 'SOL', 'SUI', 'VIRTUAL'], ['AIXBT', 'GRASS'])
('2024-12-15 15:30:02', ['AAVE', 'ENA', 'ETH', 'GRASS', 'HAPPY', 'HYPE', 'LINGO', 'MAD', 'ME', 'NEAR', 'PYTH', 'QUBIC', 'SOL', 'SUI', 'VIRTUAL'], ['ETH'])
('2024-12-15 15:40:01', ['AAVE', 'AERO', 'AIXBT', 'ENA', 'GRASS', 'HAPPY', 'HYPE', 'LINGO', 'MAD', 'ME', 'PYTH', 'QUBIC', 'SOL', 'SUI', 'VIRTUAL'], ['AERO', 'AIXBT'])
('2024-12-15 15:50:01', ['AAVE', 'AIXBT', 'BLUE', 'ENA', 'ETH', 'GRASS', 'HAPPY', 'HYPE', 'LINGO', 'MAD', 'PYTH', 'QUBIC', 'SOL', 'SUI', 'VIRTUAL'], ['BLUE', 'ETH'])
('2024-12-15 16:00:02', ['AAVE', 'BLUE', 'ENA', 'GRASS', 'HAPPY', 'HYPE', 'LINGO', 'MAD', 'NEAR', 'PEPE', 'PYTH', 'QUBIC', 'SOL', 'SUI', 'VIRTUAL'], ['NEAR', 'PEPE'])
('2024-12-15 16:10:01', ['AAVE', 'AIXBT', 'ENA', 'ETH', 'GRASS', 'HAPPY', 'HYPE', 'LINGO', 'LINK', 'MAD', 'PYTH', 'QUBIC', 'SOL', 'SUI', 'VIRTUAL'], ['AIXBT', 'ETH', 'LINK'])
('2024-12-15 16:20:02', ['AAVE', 'ENA', 'ETH', 'HAPPY', 'HYPE', 'LINGO', 'LINK', 'MAD', 'ME', 'NEAR', 'PYTH', 'QUBIC', 'SOL', 'SUI', 'VIRTUAL'], ['ME', 'NEAR'])
('2024-12-15 16:30:01', ['ENA', 'ETH', 'GRASS', 'HAPPY', 'HYPE', 'LINGO', 'LINK', 'MAD', 'ME', 'NEAR', 'PYTH', 'QUBIC', 'SOL', 'SUI', 'VIRTUAL'], ['GRASS'])
('2024-12-15 16:40:02', ['AAVE', 'ENA', 'ETH', 'GRASS', 'HAPPY', 'HYPE', 'LINGO', 'LINK', 'MAD', 'ME', 'PYTH', 'QUBIC', 'SOL', 'SUI', 'VIRTUAL'], ['AAVE'])
('2024-12-15 16:50:01', ['AERO', 'ENA', 'ETH', 'HAPPY', 'HYPE', 'LINGO', 'LINK', 'MAD', 'ME', 'NEAR', 'PYTH', 'QUBIC', 'SOL', 'SUI', 'VIRTUAL'], ['AERO', 'NEAR'])
('2024-12-15 17:00:01', ['AERO', 'ENA', 'ETH', 'HAPPY', 'HYPE', 'LINGO', 'LINK', 'MAD', 'ME', 'PEPE', 'PYTH', 'QUBIC', 'SOL', 'SUI', 'VIRTUAL'], ['PEPE'])
('2024-12-15 17:10:02', ['AERO', 'DF', 'ENA', 'ETH', 'GRASS', 'HAPPY', 'HYPE', 'LINGO', 'MAD', 'ME', 'PYTH', 'QUBIC', 'SOL', 'SUI', 'VIRTUAL'], ['DF', 'GRASS'])
('2024-12-15 17:20:01', ['AERO', 'DF', 'ENA', 'ETH', 'FARTCOIN', 'GRASS', 'HAPPY', 'HYPE', 'LINGO', 'MAD', 'PYTH', 'QUBIC', 'SOL', 'SUI', 'VIRTUAL'], ['FARTCOIN'])
('2024-12-15 17:30:02', ['DF', 'ENA', 'ETH', 'FARTCOIN', 'FTM', 'GRASS', 'HAPPY', 'HYPE', 'LINGO', 'MAD', 'PYTH', 'QUBIC', 'SOL', 'SUI', 'VIRTUAL'], ['FTM'])
('2024-12-15 17:40:01', ['AAVE', 'DF', 'ENA', 'FARTCOIN', 'FTM', 'GRASS', 'HAPPY', 'HYPE', 'LINGO', 'MAD', 'PYTH', 'QUBIC', 'SOL', 'SUI', 'VIRTUAL'], ['AAVE'])
('2024-12-15 17:50:02', ['DF', 'ENA', 'FARTCOIN', 'FTM', 'GRASS', 'HAPPY', 'HYPE', 'LINGO', 'LINK', 'MAD', 'PYTH', 'QUBIC', 'SOL', 'SUI', 'VIRTUAL'], ['LINK'])
('2024-12-15 18:00:01', ['DF', 'ENA', 'FTM', 'GRASS', 'HAPPY', 'HYPE', 'LINGO', 'LINK', 'MAD', 'PYTH', 'QUBIC', 'SOL', 'SUI', 'VIRTUAL', 'XRP'], ['XRP'])
('2024-12-15 18:10:02', ['AAVE', 'DF', 'ENA', 'FTM', 'GRASS', 'HAPPY', 'HYPE', 'LINGO', 'LINK', 'MAD', 'PYTH', 'QUBIC', 'SOL', 'SUI', 'VIRTUAL'], ['AAVE'])
('2024-12-15 18:20:01', ['AAVE', 'ENA', 'ETH', 'FTM', 'GRASS', 'HAPPY', 'HYPE', 'LINGO', 'LINK', 'MAD', 'PYTH', 'QUBIC', 'SOL', 'SUI', 'VIRTUAL'], ['ETH'])
('2024-12-15 18:30:02', ['AAVE', 'DF', 'ENA', 'ETH', 'FTM', 'GRASS', 'HAPPY', 'HYPE', 'LINGO', 'MAD', 'PYTH', 'QUBIC', 'SOL', 'SUI', 'VIRTUAL'], ['DF'])
('2024-12-15 18:40:01', ['AAVE', 'AERO', 'ENA', 'ETH', 'FTM', 'GRASS', 'HAPPY', 'HYPE', 'LINGO', 'MAD', 'PYTH', 'QUBIC', 'SOL', 'SUI', 'VIRTUAL'], ['AERO'])
('2024-12-15 19:00:01', ['AAVE', 'AERO', 'ENA', 'ETH', 'FTM', 'GRASS', 'HAPPY', 'HYPE', 'LINGO', 'PEPE', 'PYTH', 'QUBIC', 'SOL', 'SUI', 'VIRTUAL'], ['PEPE'])
('2024-12-15 19:20:01', ['AI16Z', 'DOG', 'ENA', 'ETH', 'FTM', 'GRASS', 'HAPPY', 'HYPE', 'LINGO', 'PEAQ', 'QUBIC', 'SOL', 'SUI', 'VIRTUAL', 'XRP'], ['AI16Z', 'DOG', 'PEAQ', 'XRP'])
('2024-12-15 19:30:01', ['AAVE', 'AI16Z', 'ENA', 'ETH', 'FARTCOIN', 'FTM', 'HAPPY', 'HYPE', 'LINGO', 'PYTH', 'QUBIC', 'SOL', 'SUI', 'VIRTUAL', 'XRP'], ['AAVE', 'FARTCOIN', 'PYTH'])
('2024-12-15 19:40:02', ['AAVE', 'COW', 'ENA', 'ETH', 'FTM', 'HAPPY', 'HYPE', 'LINGO', 'ONDO', 'PYTH', 'QUBIC', 'SOL', 'SUI', 'VIRTUAL', 'XRP'], ['COW', 'ONDO'])
('2024-12-15 19:50:01', ['AI16Z', 'AIXBT', 'COW', 'ENA', 'ETH', 'FTM', 'HAPPY', 'HYPE', 'LINGO', 'ONDO', 'PYTH', 'QUBIC', 'SOL', 'SUI', 'VIRTUAL'], ['AI16Z', 'AIXBT'])
('2024-12-15 20:00:02', ['AAVE', 'AI16Z', 'AIXBT', 'COW', 'ENA', 'ETH', 'FTM', 'HAPPY', 'HYPE', 'LINGO', 'QUBIC', 'SOL', 'SUI', 'VIRTUAL', 'XRP'], ['AAVE', 'XRP'])
('2024-12-15 20:10:01', ['AI16Z', 'AIXBT', 'COW', 'ENA', 'ETH', 'FTM', 'HAPPY', 'HYPE', 'LINGO', 'ONDO', 'QUBIC', 'SOL', 'SUI', 'VIRTUAL', 'XRP'], ['ONDO'])
('2024-12-15 20:20:02', ['AAVE', 'AIXBT', 'BTC', 'COW', 'ENA', 'ETH', 'FTM', 'HAPPY', 'HYPE', 'LINGO', 'ONDO', 'QUBIC', 'SOL', 'SUI', 'VIRTUAL'], ['AAVE', 'BTC'])
('2024-12-15 20:30:01', ['AAVE', 'AIXBT', 'COW', 'ENA', 'ETH', 'FTM', 'HAPPY', 'HYPE', 'LINGO', 'ONDO', 'PEPE', 'QUBIC', 'SOL', 'SUI', 'VIRTUAL'], ['PEPE'])
('2024-12-15 20:40:01', ['AAVE', 'AIXBT', 'BTC', 'COW', 'ENA', 'ETH', 'FTM', 'HAPPY', 'HYPE', 'LINGO', 'ONDO', 'QUBIC', 'SOL', 'SUI', 'VIRTUAL'], ['BTC'])
('2024-12-15 20:50:02', ['AIXBT', 'BTC', 'COW', 'ENA', 'ETH', 'FTM', 'HAPPY', 'HYPE', 'LINGO', 'ONDO', 'PEPE', 'QUBIC', 'SOL', 'SUI', 'VIRTUAL'], ['PEPE'])
('2024-12-15 21:10:02', ['AIXBT', 'COW', 'ENA', 'ETH', 'FARTCOIN', 'FTM', 'HAPPY', 'HYPE', 'LINGO', 'ONDO', 'PYTH', 'QUBIC', 'SOL', 'SUI', 'VIRTUAL'], ['FARTCOIN', 'PYTH'])
('2024-12-15 21:40:01', ['AIXBT', 'COW', 'ENA', 'ETH', 'FARTCOIN', 'FTM', 'HAPPY', 'HYPE', 'LINGO', 'PEPE', 'PYTH', 'QUBIC', 'SOL', 'SUI', 'VIRTUAL'], ['PEPE'])
('2024-12-15 21:50:01', ['AIXBT', 'COW', 'ENA', 'ETH', 'FARTCOIN', 'FTM', 'HAPPY', 'HYPE', 'LINGO', 'ME', 'PYTH', 'QUBIC', 'SOL', 'SUI', 'VIRTUAL'], ['ME'])
('2024-12-15 22:20:02', ['CHAMP', 'COW', 'ENA', 'ETH', 'FARTCOIN', 'GOAT', 'HAPPY', 'HYPE', 'LINGO', 'ME', 'PEPE', 'QUBIC', 'SOL', 'SUI', 'VIRTUAL'], ['CHAMP', 'GOAT', 'PEPE'])
('2024-12-15 22:40:02', ['COW', 'ENA', 'ETH', 'FARTCOIN', 'GOAT', 'HAPPY', 'HYPE', 'LINGO', 'LINK', 'ME', 'PEPE', 'QUBIC', 'SOL', 'SUI', 'VIRTUAL'], ['LINK'])
('2024-12-15 22:50:01', ['COW', 'ENA', 'ETH', 'FARTCOIN', 'GOAT', 'HAPPY', 'HYPE', 'LINGO', 'LINK', 'ME', 'ONDO', 'QUBIC', 'SOL', 'SUI', 'VIRTUAL'], ['ONDO'])
('2024-12-15 23:00:01', ['COW', 'ENA', 'ETH', 'FARTCOIN', 'GOAT', 'HAPPY', 'HYPE', 'LINGO', 'LINK', 'ME', 'PEAQ', 'QUBIC', 'SOL', 'SUI', 'VIRTUAL'], ['PEAQ'])
('2024-12-15 23:10:02', ['AERO', 'COW', 'ENA', 'ETH', 'FARTCOIN', 'GOAT', 'HAPPY', 'HYPE', 'LINGO', 'ME', 'ONDO', 'PEAQ', 'SOL', 'SUI', 'VIRTUAL'], ['AERO', 'ONDO'])
('2024-12-15 23:20:01', ['AIXBT', 'COW', 'ENA', 'ETH', 'FARTCOIN', 'GOAT', 'HAPPY', 'HYPE', 'LINGO', 'ME', 'ONDO', 'PEAQ', 'SOL', 'SUI', 'VIRTUAL'], ['AIXBT'])
('2024-12-15 23:30:02', ['AERO', 'COW', 'ENA', 'ETH', 'FARTCOIN', 'FTM', 'GOAT', 'HAPPY', 'HYPE', 'LINGO', 'ME', 'ONDO', 'SOL', 'SUI', 'VIRTUAL'], ['AERO', 'FTM'])
('2024-12-15 23:40:01', ['BTC', 'COW', 'ENA', 'ETH', 'FARTCOIN', 'FTM', 'GOAT', 'HAPPY', 'HYPE', 'LINGO', 'ME', 'ONDO', 'SOL', 'SUI', 'VIRTUAL'], ['BTC'])
('2024-12-15 23:50:02', ['AERO', 'BTC', 'COW', 'ENA', 'ETH', 'FARTCOIN', 'FTM', 'HAPPY', 'HYPE', 'LINGO', 'ME', 'ONDO', 'SOL', 'SUI', 'VIRTUAL'], ['AERO'])
('2024-12-16 00:00:01', ['BTC', 'COW', 'ENA', 'ETH', 'FARTCOIN', 'FTM', 'HAPPY', 'HYPE', 'LINGO', 'LINK', 'ME', 'ONDO', 'SOL', 'SUI', 'VIRTUAL'], ['LINK'])
('2024-12-16 00:10:02', ['BTC', 'COW', 'ENA', 'ETH', 'FARTCOIN', 'FTM', 'HAPPY', 'HYPE', 'LINGO', 'LINK', 'ONDO', 'PEPE', 'SOL', 'SUI', 'VIRTUAL'], ['PEPE'])
('2024-12-16 00:20:01', ['BTC', 'COW', 'ENA', 'ETH', 'FARTCOIN', 'FTM', 'HAPPY', 'HYPE', 'LINGO', 'LINK', 'ME', 'ONDO', 'SOL', 'SUI', 'VIRTUAL'], ['ME'])
('2024-12-16 00:30:02', ['BTC', 'COW', 'DEEP', 'ENA', 'ETH', 'FARTCOIN', 'FTM', 'HYPE', 'LINGO', 'ME', 'ONDO', 'SOL', 'SUI', 'VIRTUAL', 'XRP'], ['DEEP', 'XRP'])
('2024-12-16 00:40:01', ['BTC', 'COW', 'DEEP', 'ENA', 'ETH', 'FARTCOIN', 'FTM', 'HYPE', 'LINGO', 'LINK', 'ONDO', 'SOL', 'SUI', 'VIRTUAL', 'XRP'], ['LINK'])
('2024-12-16 00:50:01', ['BTC', 'COW', 'DEEP', 'ENA', 'FARTCOIN', 'FTM', 'GOAT', 'HYPE', 'LINGO', 'ONDO', 'PEPE', 'SOL', 'SUI', 'VIRTUAL', 'XRP'], ['GOAT', 'PEPE'])
('2024-12-16 01:00:02', ['BTC', 'COW', 'DEEP', 'ENA', 'ETH', 'FARTCOIN', 'FTM', 'HYPE', 'LINGO', 'ONDO', 'PEPE', 'SOL', 'SUI', 'VIRTUAL', 'XRP'], ['ETH'])
('2024-12-16 01:10:01', ['AERO', 'BTC', 'COW', 'ENA', 'ETH', 'FARTCOIN', 'FTM', 'HYPE', 'LINGO', 'ME', 'ONDO', 'SOL', 'SUI', 'VIRTUAL', 'XRP'], ['AERO', 'ME'])
('2024-12-16 01:40:02', ['AERO', 'AIXBT', 'BTC', 'COW', 'ENA', 'ETH', 'FARTCOIN', 'FTM', 'HYPE', 'LINGO', 'ONDO', 'SOL', 'SUI', 'VIRTUAL', 'XRP'], ['AIXBT'])
('2024-12-16 02:00:01', ['BTC', 'COW', 'ENA', 'ETH', 'FARTCOIN', 'FTM', 'GRASS', 'HYPE', 'LINGO', 'ME', 'ONDO', 'SOL', 'SUI', 'VIRTUAL', 'XRP'], ['GRASS', 'ME'])
('2024-12-16 02:10:02', ['AIXBT', 'BTC', 'COW', 'ENA', 'ETH', 'FARTCOIN', 'FTM', 'GRASS', 'HYPE', 'LINGO', 'ONDO', 'SOL', 'SUI', 'VIRTUAL', 'XRP'], ['AIXBT'])
('2024-12-16 02:20:01', ['AAVE', 'BTC', 'COW', 'ENA', 'ETH', 'FARTCOIN', 'FTM', 'HYPE', 'LINGO', 'LINK', 'ONDO', 'SOL', 'SUI', 'VIRTUAL', 'XRP'], ['AAVE', 'LINK'])
('2024-12-16 02:30:02', ['AAVE', 'BTC', 'CHILLGUY', 'COW', 'ENA', 'ETH', 'FARTCOIN', 'HYPE', 'LINGO', 'ONDO', 'SOL', 'SUI', 'VIRTUAL', 'XRP', 'ZRO'], ['CHILLGUY', 'ZRO'])
('2024-12-16 02:50:02', ['AAVE', 'BTC', 'COW', 'ENA', 'ETH', 'FARTCOIN', 'HYPE', 'LINGO', 'ME', 'ONDO', 'PEPE', 'SOL', 'SUI', 'VIRTUAL', 'ZRO'], ['ME', 'PEPE'])
('2024-12-16 03:00:01', ['AAVE', 'AIXBT', 'BTC', 'COW', 'DOG', 'ENA', 'ETH', 'FARTCOIN', 'HYPE', 'LINGO', 'ONDO', 'PEPE', 'SOL', 'SUI', 'VIRTUAL'], ['AIXBT', 'DOG'])
('2024-12-16 03:10:02', ['AAVE', 'BTC', 'COW', 'DOG', 'ENA', 'ETH', 'FARTCOIN', 'HYPE', 'LINGO', 'ONDO', 'PEPE', 'SOL', 'SUI', 'VIRTUAL', 'ZRO'], ['ZRO'])
('2024-12-16 03:20:01', ['AAVE', 'BTC', 'COW', 'ENA', 'ETH', 'FARTCOIN', 'FTM', 'GRASS', 'HYPE', 'LINGO', 'ONDO', 'PEPE', 'SOL', 'SUI', 'VIRTUAL'], ['FTM', 'GRASS'])
('2024-12-16 03:30:01', ['AAVE', 'AERO', 'BTC', 'COW', 'ENA', 'ETH', 'FARTCOIN', 'FTM', 'GRASS', 'HYPE', 'ONDO', 'PEPE', 'SOL', 'SUI', 'VIRTUAL'], ['AERO'])
('2024-12-16 03:40:02', ['AAVE', 'AERO', 'BTC', 'COW', 'ENA', 'ETH', 'FARTCOIN', 'GRASS', 'HYPE', 'LINGO', 'ME', 'ONDO', 'SOL', 'SUI', 'VIRTUAL'], ['LINGO', 'ME'])
('2024-12-16 03:50:01', ['AERO', 'BTC', 'COW', 'ENA', 'ETH', 'FARTCOIN', 'GRASS', 'HYPE', 'LINGO', 'LINK', 'ME', 'ONDO', 'SOL', 'SUI', 'VIRTUAL'], ['LINK'])
('2024-12-16 04:30:01', ['AERO', 'BLUE', 'BTC', 'COW', 'ENA', 'ETH', 'FARTCOIN', 'GRASS', 'HYPE', 'LINGO', 'ME', 'ONDO', 'SOL', 'SUI', 'VIRTUAL'], ['BLUE'])
('2024-12-16 04:50:01', ['AERO', 'AIXBT', 'BTC', 'COW', 'ENA', 'ETH', 'FARTCOIN', 'GRASS', 'HYPE', 'LINGO', 'ME', 'ONDO', 'SOL', 'SUI', 'VIRTUAL'], ['AIXBT'])
('2024-12-16 05:00:01', ['AERO', 'AIXBT', 'BLUE', 'BTC', 'COW', 'ENA', 'FARTCOIN', 'GRASS', 'HYPE', 'LINGO', 'ME', 'ONDO', 'SOL', 'SUI', 'VIRTUAL'], ['BLUE'])
('2024-12-16 05:10:02', ['AERO', 'AIXBT', 'BTC', 'COW', 'ENA', 'ETH', 'FARTCOIN', 'FTM', 'HYPE', 'LINGO', 'ME', 'ONDO', 'SOL', 'SUI', 'VIRTUAL'], ['ETH', 'FTM'])
('2024-12-16 05:20:01', ['AERO', 'AIXBT', 'BLUE', 'BTC', 'COW', 'ENA', 'FARTCOIN', 'FTM', 'HYPE', 'LINGO', 'ME', 'ONDO', 'SOL', 'SUI', 'VIRTUAL'], ['BLUE'])
('2024-12-16 05:30:02', ['AERO', 'AIXBT', 'BTC', 'COW', 'ENA', 'ETH', 'FARTCOIN', 'HYPE', 'LINGO', 'ME', 'ONDO', 'SOL', 'SUI', 'VIRTUAL', 'XRP'], ['ETH', 'XRP'])
('2024-12-16 05:40:01', ['AERO', 'BLUE', 'BTC', 'COW', 'ENA', 'ETH', 'FARTCOIN', 'HYPE', 'LINGO', 'ME', 'ONDO', 'SOL', 'SUI', 'VIRTUAL', 'XRP'], ['BLUE'])
('2024-12-16 06:20:02', ['AERO', 'BLUE', 'COW', 'ENA', 'ETH', 'FARTCOIN', 'HYPE', 'LINGO', 'ME', 'ONDO', 'PEPE', 'SOL', 'SUI', 'VIRTUAL', 'XRP'], ['PEPE'])
('2024-12-16 06:30:01', ['AIXBT', 'BLUE', 'BTC', 'COW', 'ENA', 'ETH', 'FARTCOIN', 'HYPE', 'LINGO', 'ME', 'ONDO', 'PEPE', 'SOL', 'SUI', 'VIRTUAL'], ['AIXBT', 'BTC'])
('2024-12-16 06:40:02', ['BLUE', 'BTC', 'COW', 'ENA', 'ETH', 'FARTCOIN', 'HYPE', 'LINGO', 'ME', 'ONDO', 'PEPE', 'SOL', 'SUI', 'VIRTUAL', 'XRP'], ['XRP'])
('2024-12-16 06:50:01', ['BLUE', 'BTC', 'COW', 'ENA', 'ETH', 'FARTCOIN', 'FTM', 'HYPE', 'LINGO', 'ME', 'ONDO', 'SOL', 'SUI', 'VIRTUAL', 'XRP'], ['FTM'])
('2024-12-16 07:00:01', ['AIXBT', 'BTC', 'COW', 'ENA', 'ETH', 'FARTCOIN', 'FTM', 'HYPE', 'LINGO', 'ME', 'ONDO', 'PEPE', 'SOL', 'SUI', 'VIRTUAL'], ['AIXBT', 'PEPE'])
('2024-12-16 07:10:02', ['AERO', 'AIXBT', 'BTC', 'COW', 'ENA', 'ETH', 'FARTCOIN', 'FTM', 'HYPE', 'LINGO', 'ME', 'ONDO', 'SOL', 'SUI', 'VIRTUAL'], ['AERO'])
('2024-12-16 07:30:02', ['AERO', 'BTC', 'COW', 'ENA', 'ETH', 'FARTCOIN', 'FTM', 'HYPE', 'LINGO', 'ME', 'ONDO', 'PEPE', 'SOL', 'SUI', 'VIRTUAL'], ['PEPE'])
('2024-12-16 07:40:01', ['AERO', 'AIXBT', 'BTC', 'COW', 'ENA', 'ETH', 'FARTCOIN', 'FTM', 'HYPE', 'LINGO', 'ME', 'ONDO', 'SOL', 'SUI', 'VIRTUAL'], ['AIXBT'])
('2024-12-16 07:50:01', ['AERO', 'BTC', 'COW', 'DOGE', 'ENA', 'ETH', 'FARTCOIN', 'FTM', 'HYPE', 'LINGO', 'ME', 'ONDO', 'SOL', 'SUI', 'VIRTUAL'], ['DOGE'])
('2024-12-16 08:00:02', ['AAVE', 'COW', 'DOGE', 'ENA', 'ETH', 'FARTCOIN', 'FTM', 'HYPE', 'LINGO', 'ME', 'MORPHO', 'ONDO', 'SOL', 'SUI', 'VIRTUAL'], ['AAVE', 'MORPHO'])
('2024-12-16 08:10:01', ['AAVE', 'BTC', 'COW', 'DOGE', 'ENA', 'ETH', 'FARTCOIN', 'FTM', 'HYPE', 'LINGO', 'ME', 'ONDO', 'SOL', 'SUI', 'VIRTUAL'], ['BTC'])
('2024-12-16 08:20:02', ['AAVE', 'BLUE', 'BTC', 'COW', 'ENA', 'ETH', 'FARTCOIN', 'HYPE', 'LINGO', 'ME', 'ONDO', 'PEPE', 'SUI', 'VIRTUAL', 'XRP'], ['BLUE', 'PEPE', 'XRP'])
('2024-12-16 08:40:02', ['AAVE', 'BLUE', 'COW', 'ENA', 'ETH', 'FARTCOIN', 'FTM', 'HYPE', 'LINGO', 'ME', 'ONDO', 'PEPE', 'SUI', 'VIRTUAL', 'XRP'], ['FTM'])
('2024-12-16 08:50:01', ['AAVE', 'BLUE', 'COW', 'ENA', 'ETH', 'FARTCOIN', 'HYPE', 'LINGO', 'ME', 'ONDO', 'PEPE', 'SOL', 'SUI', 'VIRTUAL', 'XRP'], ['SOL'])
('2024-12-16 09:00:02', ['AAVE', 'BLUE', 'BTC', 'COW', 'ENA', 'ETH', 'FARTCOIN', 'FTM', 'HYPE', 'LINGO', 'ONDO', 'SOL', 'SUI', 'VIRTUAL', 'XRP'], ['BTC', 'FTM'])
('2024-12-16 09:20:01', ['BLUE', 'BTC', 'COW', 'ENA', 'ETH', 'FARTCOIN', 'FTM', 'HYPE', 'LINGO', 'ME', 'ONDO', 'PEPE', 'SOL', 'SUI', 'VIRTUAL'], ['ME', 'PEPE'])
('2024-12-16 09:30:02', ['BLUE', 'COW', 'ENA', 'ETH', 'FARTCOIN', 'FTM', 'HYPE', 'LINGO', 'LINK', 'ONDO', 'PEPE', 'SOL', 'SUI', 'VIRTUAL', 'XRP'], ['LINK', 'XRP'])
('2024-12-16 09:40:01', ['AIXBT', 'BLUE', 'COW', 'ENA', 'ETH', 'FARTCOIN', 'FTM', 'HYPE', 'LINGO', 'LINK', 'ONDO', 'PEPE', 'SOL', 'SUI', 'VIRTUAL'], ['AIXBT'])
('2024-12-16 10:00:01', ['AIXBT', 'BLUE', 'COW', 'ENA', 'ETH', 'FARTCOIN', 'HYPE', 'LINGO', 'LINK', 'ME', 'ONDO', 'PEPE', 'SOL', 'SUI', 'VIRTUAL'], ['ME'])
('2024-12-16 10:10:02', ['AIXBT', 'BLUE', 'COW', 'ENA', 'ETH', 'FARTCOIN', 'GRASS', 'HYPE', 'LINGO', 'LINK', 'ONDO', 'PEPE', 'SOL', 'SUI', 'VIRTUAL'], ['GRASS'])
('2024-12-16 10:20:01', ['AAVE', 'AIXBT', 'BLUE', 'COW', 'ENA', 'ETH', 'FARTCOIN', 'GRASS', 'HYPE', 'LINGO', 'LINK', 'ONDO', 'SOL', 'SUI', 'VIRTUAL'], ['AAVE'])
('2024-12-16 10:30:01', ['AAVE', 'BLUE', 'BTC', 'COW', 'ENA', 'ETH', 'FARTCOIN', 'HYPE', 'LINGO', 'LINK', 'ME', 'ONDO', 'SOL', 'SUI', 'VIRTUAL'], ['BTC', 'ME'])
('2024-12-16 10:50:01', ['AAVE', 'BLUE', 'COW', 'ENA', 'ETH', 'FARTCOIN', 'HYPE', 'LINGO', 'LINK', 'ME', 'ONDO', 'SOL', 'SUI', 'VIRTUAL', 'XRP'], ['XRP'])
('2024-12-16 11:00:02', ['AAVE', 'BTC', 'COW', 'ENA', 'ETH', 'FARTCOIN', 'FTM', 'HYPE', 'LINGO', 'LINK', 'ME', 'ONDO', 'SOL', 'SUI', 'VIRTUAL'], ['BTC', 'FTM'])
('2024-12-16 11:20:01', ['AAVE', 'COW', 'ENA', 'ETH', 'FARTCOIN', 'FTM', 'HYPE', 'LINGO', 'LINK', 'ME', 'ONDO', 'SOL', 'SUI', 'VANRY', 'VIRTUAL'], ['VANRY'])
('2024-12-16 11:40:01', ['AAVE', 'COW', 'ENA', 'ETH', 'FARTCOIN', 'FTM', 'HYPE', 'LINGO', 'LINK', 'ONDO', 'PEPE', 'SOL', 'SUI', 'VANRY', 'VIRTUAL'], ['PEPE'])
('2024-12-16 11:50:02', ['AAVE', 'BTC', 'ENA', 'ETH', 'FARTCOIN', 'FTM', 'HYPE', 'LINGO', 'LINK', 'ME', 'ONDO', 'SOL', 'SUI', 'VANRY', 'VIRTUAL'], ['BTC', 'ME'])
('2024-12-16 12:00:01', ['AAVE', 'BTC', 'ETH', 'FARTCOIN', 'FTM', 'HYPE', 'LINGO', 'LINK', 'ME', 'ONDO', 'PEPE', 'SOL', 'SUI', 'VANRY', 'VIRTUAL'], ['PEPE'])
('2024-12-16 12:10:02', ['BTC', 'ETH', 'FARTCOIN', 'FTM', 'HYPE', 'LINGO', 'LINK', 'ME', 'ONDO', 'PEPE', 'QUBIC', 'SOL', 'SUI', 'VANRY', 'VIRTUAL'], ['QUBIC'])
('2024-12-16 12:20:01', ['BTC', 'ETH', 'FARTCOIN', 'FTM', 'HYPE', 'LINGO', 'LINK', 'ME', 'ONDO', 'QUBIC', 'SOL', 'SUI', 'VANRY', 'VIRTUAL', 'XRP'], ['XRP'])
('2024-12-16 12:30:01', ['BTC', 'ETH', 'FARTCOIN', 'FTM', 'HYPE', 'LINGO', 'LINK', 'ME', 'ONDO', 'PEPE', 'QUBIC', 'SOL', 'SUI', 'VANRY', 'VIRTUAL'], ['PEPE'])
('2024-12-16 12:40:02', ['BTC', 'ETH', 'FARTCOIN', 'FTM', 'HYPE', 'LINGO', 'LINK', 'ME', 'ONDO', 'QUBIC', 'SOL', 'SUI', 'VANRY', 'VIRTUAL', 'XRP'], ['XRP'])
('2024-12-16 12:50:01', ['BTC', 'ETH', 'FARTCOIN', 'HYPE', 'LINGO', 'LINK', 'ME', 'ONDO', 'PEPE', 'QUBIC', 'SOL', 'SUI', 'VANRY', 'VIRTUAL', 'XRP'], ['PEPE'])
('2024-12-16 13:00:02', ['BTC', 'ENA', 'ETH', 'FARTCOIN', 'HYPE', 'LINGO', 'LINK', 'ME', 'ONDO', 'QUBIC', 'SOL', 'SUI', 'VANRY', 'VIRTUAL', 'XRP'], ['ENA'])
('2024-12-16 13:20:02', ['AERO', 'BTC', 'ENA', 'ETH', 'FARTCOIN', 'FTM', 'HBAR', 'HYPE', 'LINGO', 'ME', 'ONDO', 'QUBIC', 'SOL', 'SUI', 'VIRTUAL'], ['AERO', 'FTM', 'HBAR'])
('2024-12-16 13:30:01', ['AERO', 'BTC', 'ENA', 'ETH', 'FARTCOIN', 'FTM', 'HYPE', 'LINGO', 'ME', 'ONDO', 'QUBIC', 'SOL', 'SUI', 'VANRY', 'VIRTUAL'], ['VANRY'])
('2024-12-16 13:40:02', ['BTC', 'ENA', 'ETH', 'FARTCOIN', 'FTM', 'HYPE', 'LINGO', 'ME', 'ONDO', 'PEPE', 'QUBIC', 'SOL', 'SUI', 'TAO', 'VIRTUAL'], ['PEPE', 'TAO'])
('2024-12-16 13:50:01', ['AAVE', 'BTC', 'ENA', 'ETH', 'FARTCOIN', 'FTM', 'HYPE', 'LINGO', 'ME', 'ONDO', 'PEPE', 'QUBIC', 'SOL', 'SUI', 'VIRTUAL'], ['AAVE'])
('2024-12-16 14:00:02', ['AAVE', 'COW', 'ENA', 'ETH', 'FARTCOIN', 'FTM', 'HYPE', 'LINGO', 'ME', 'ONDO', 'PEPE', 'QUBIC', 'SOL', 'SUI', 'VIRTUAL'], ['COW'])
('2024-12-16 14:20:01', ['AAVE', 'COW', 'ENA', 'ETH', 'FARTCOIN', 'FTM', 'GRASS', 'HYPE', 'LINGO', 'ONDO', 'PEPE', 'QUBIC', 'SOL', 'SUI', 'VIRTUAL'], ['GRASS'])
('2024-12-16 14:30:01', ['AAVE', 'ENA', 'ETH', 'FARTCOIN', 'FTM', 'GRASS', 'HYPE', 'LINGO', 'ONDO', 'PEPE', 'PNUT', 'QUBIC', 'SOL', 'SUI', 'VIRTUAL'], ['PNUT'])
('2024-12-16 14:50:01', ['AAVE', 'AERO', 'ENA', 'ETH', 'FARTCOIN', 'GRASS', 'HYPE', 'LINGO', 'ONDO', 'PEPE', 'PNUT', 'QUBIC', 'SOL', 'SUI', 'VIRTUAL'], ['AERO'])
('2024-12-16 15:00:01', ['AERO', 'ENA', 'FARTCOIN', 'FTM', 'GRASS', 'HYPE', 'LINGO', 'ME', 'ONDO', 'PEPE', 'PNUT', 'QUBIC', 'SOL', 'SUI', 'VIRTUAL'], ['FTM', 'ME'])
('2024-12-16 15:20:02', ['AERO', 'ENA', 'ETH', 'FARTCOIN', 'FTM', 'HYPE', 'LINGO', 'ONDO', 'PNUT', 'QUBIC', 'RUNE', 'SERV', 'SOL', 'SUI', 'VIRTUAL'], ['ETH', 'RUNE', 'SERV'])
('2024-12-16 15:40:02', ['AERO', 'BTC', 'ENA', 'ETH', 'FARTCOIN', 'FTM', 'HYPE', 'LINGO', 'ONDO', 'PNUT', 'QUBIC', 'SERV', 'SOL', 'SUI', 'VIRTUAL'], ['BTC'])
('2024-12-16 15:50:01', ['AERO', 'BTC', 'ENA', 'ETH', 'FARTCOIN', 'FTM', 'HYPE', 'LINGO', 'ONDO', 'QUBIC', 'RUNE', 'SERV', 'SOL', 'SUI', 'VIRTUAL'], ['RUNE'])
('2024-12-16 16:00:02', ['AERO', 'BTC', 'ENA', 'ETH', 'FARTCOIN', 'FTM', 'HYPE', 'IDIA', 'LINGO', 'ONDO', 'QUBIC', 'SERV', 'SOL', 'SUI', 'VIRTUAL'], ['IDIA'])
('2024-12-16 16:10:01', ['AERO', 'BTC', 'ENA', 'ETH', 'FARTCOIN', 'HYPE', 'IDIA', 'LINGO', 'LINK', 'ONDO', 'QUBIC', 'SERV', 'SOL', 'SUI', 'VIRTUAL'], ['LINK'])
('2024-12-16 16:30:01', ['AERO', 'ENA', 'ETH', 'FARTCOIN', 'HYPE', 'IDIA', 'LINGO', 'LINK', 'ME', 'ONDO', 'QUBIC', 'SERV', 'SOL', 'SUI', 'VIRTUAL'], ['ME'])
('2024-12-16 16:40:02', ['AAVE', 'ENA', 'ETH', 'FARTCOIN', 'HYPE', 'IDIA', 'LINGO', 'LINK', 'ONDO', 'PEPE', 'QUBIC', 'SERV', 'SOL', 'SUI', 'VIRTUAL'], ['AAVE', 'PEPE'])
('2024-12-16 16:50:01', ['ENA', 'ETH', 'FARTCOIN', 'HYPE', 'IDIA', 'LINGO', 'ME', 'ONDO', 'PEPE', 'QUBIC', 'SERV', 'SOL', 'SUI', 'VIRTUAL', 'XRP'], ['ME', 'XRP'])
('2024-12-16 17:00:02', ['BTC', 'ENA', 'ETH', 'FARTCOIN', 'HYPE', 'IDIA', 'LINGO', 'ONDO', 'PEPE', 'QUBIC', 'SERV', 'SOL', 'SUI', 'VIRTUAL', 'XRP'], ['BTC'])
('2024-12-16 17:10:01', ['BTC', 'ENA', 'ETH', 'FARTCOIN', 'HYPE', 'IDIA', 'LINGO', 'LINK', 'ONDO', 'PEPE', 'SERV', 'SOL', 'SUI', 'VIRTUAL', 'XRP'], ['LINK'])
('2024-12-16 17:30:01', ['BTC', 'ENA', 'ETH', 'FARTCOIN', 'FTM', 'HYPE', 'LINGO', 'LINK', 'ONDO', 'PEPE', 'SERV', 'SOL', 'SUI', 'VIRTUAL', 'XRP'], ['FTM'])
('2024-12-16 17:40:02', ['BTC', 'ENA', 'ETH', 'FARTCOIN', 'FTM', 'HYPE', 'LINGO', 'LINK', 'ONDO', 'PRCL', 'SERV', 'SOL', 'SUI', 'VIRTUAL', 'XRP'], ['PRCL'])
('2024-12-16 17:50:01', ['BTC', 'ENA', 'ETH', 'FARTCOIN', 'FTM', 'HYPE', 'LINGO', 'ONDO', 'PEPE', 'PRCL', 'SERV', 'SOL', 'SUI', 'VIRTUAL', 'XRP'], ['PEPE'])
('2024-12-16 18:00:02', ['AERO', 'BTC', 'ENA', 'ETH', 'FARTCOIN', 'HYPE', 'LINGO', 'LINK', 'ONDO', 'PEPE', 'PRCL', 'SERV', 'SUI', 'VIRTUAL', 'XRP'], ['AERO', 'LINK'])
('2024-12-16 18:10:01', ['AAVE', 'AERO', 'BTC', 'ENA', 'ETH', 'FARTCOIN', 'FTM', 'HYPE', 'LINGO', 'ONDO', 'PRCL', 'SERV', 'SUI', 'VIRTUAL', 'XRP'], ['AAVE', 'FTM'])
('2024-12-16 18:20:02', ['AAVE', 'BTC', 'ENA', 'ETH', 'FARTCOIN', 'HYPE', 'LINGO', 'ONDO', 'PEPE', 'PRCL', 'SERV', 'SOL', 'SUI', 'VIRTUAL', 'XRP'], ['PEPE', 'SOL'])
('2024-12-16 18:40:02', ['AAVE', 'BTC', 'ENA', 'ETH', 'FARTCOIN', 'FTM', 'HYPE', 'LINGO', 'ONDO', 'PEPE', 'SERV', 'SOL', 'SUI', 'VIRTUAL', 'XRP'], ['FTM'])
('2024-12-16 19:10:01', ['AAVE', 'AIXBT', 'BTC', 'ENA', 'ETH', 'FARTCOIN', 'HYPE', 'LINGO', 'ONDO', 'PEPE', 'SERV', 'SOL', 'SUI', 'VIRTUAL', 'XRP'], ['AIXBT'])
('2024-12-16 19:20:02', ['AAVE', 'BTC', 'ENA', 'ETH', 'FARTCOIN', 'HYPE', 'KIP', 'LINGO', 'ONDO', 'PEPE', 'SERV', 'SOL', 'SUI', 'VIRTUAL', 'XRP'], ['KIP'])
('2024-12-16 19:30:01', ['AAVE', 'BTC', 'ENA', 'ETH', 'FARTCOIN', 'HYPE', 'LINGO', 'LINK', 'ONDO', 'PEPE', 'SERV', 'SOL', 'SUI', 'VIRTUAL', 'XRP'], ['LINK'])
('2024-12-16 19:50:01', ['AAVE', 'BTC', 'ENA', 'ETH', 'FARTCOIN', 'HYPE', 'LINGO', 'LINK', 'ME', 'ONDO', 'SERV', 'SOL', 'SUI', 'VIRTUAL', 'XRP'], ['ME'])
('2024-12-16 20:00:02', ['AAVE', 'BTC', 'ENA', 'ETH', 'FARTCOIN', 'HYPE', 'LINGO', 'LINK', 'ONDO', 'PEPE', 'SERV', 'SOL', 'SUI', 'VIRTUAL', 'XRP'], ['PEPE'])
('2024-12-16 20:10:01', ['AAVE', 'ENA', 'ETH', 'FARTCOIN', 'HYPE', 'LINGO', 'LINK', 'ME', 'ONDO', 'SERV', 'SOL', 'SUI', 'VIRTUAL', 'XRP', 'ZEUS'], ['ME', 'ZEUS'])
('2024-12-16 20:30:01', ['AAVE', 'ENA', 'ETH', 'FARTCOIN', 'HYPE', 'LINGO', 'ME', 'ONDO', 'PEPE', 'SERV', 'SOL', 'SUI', 'VIRTUAL', 'XRP', 'ZEUS'], ['PEPE'])
('2024-12-16 20:40:02', ['AAVE', 'BTC', 'ENA', 'ETH', 'FARTCOIN', 'HYPE', 'LINGO', 'ME', 'ONDO', 'SERV', 'SOL', 'SUI', 'VIRTUAL', 'XRP', 'ZEUS'], ['BTC'])
('2024-12-16 21:00:02', ['AAVE', 'BTC', 'ENA', 'ETH', 'FARTCOIN', 'FTM', 'HYPE', 'LINGO', 'ME', 'ONDO', 'SERV', 'SOL', 'SUI', 'VIRTUAL', 'ZEUS'], ['FTM'])
('2024-12-16 21:10:01', ['AAVE', 'BTC', 'ENA', 'ETH', 'FARTCOIN', 'FTM', 'HYPE', 'LINGO', 'LINK', 'ME', 'ONDO', 'SERV', 'SOL', 'SUI', 'VIRTUAL'], ['LINK'])
('2024-12-16 21:20:02', ['BTC', 'ENA', 'ETH', 'FARTCOIN', 'FTM', 'HYPE', 'LINGO', 'LINK', 'ME', 'ONDO', 'SERV', 'SOL', 'SUI', 'TAO', 'VIRTUAL'], ['TAO'])
('2024-12-16 21:30:01', ['BTC', 'ENA', 'ETH', 'FARTCOIN', 'FTM', 'HYPE', 'LINGO', 'LINK', 'ME', 'ONDO', 'SERV', 'SOL', 'SUI', 'VIRTUAL', 'ZEUS'], ['ZEUS'])
('2024-12-16 21:40:02', ['BTC', 'ETH', 'FARTCOIN', 'FTM', 'GRASS', 'HYPE', 'LINGO', 'LINK', 'ONDO', 'SERV', 'SOL', 'SUI', 'VIRTUAL', 'XRP', 'ZEUS'], ['GRASS', 'XRP'])
('2024-12-16 21:50:01', ['BTC', 'EIGEN', 'ETH', 'FARTCOIN', 'FTM', 'HYPE', 'LINGO', 'LINK', 'NEAR', 'ONDO', 'SERV', 'SOL', 'SUI', 'VIRTUAL', 'XRP'], ['EIGEN', 'NEAR'])
('2024-12-16 22:00:02', ['AAVE', 'BTC', 'DOGE', 'EIGEN', 'ETH', 'FTM', 'HYPE', 'LINGO', 'LINK', 'ME', 'ONDO', 'SERV', 'SOL', 'SUI', 'VIRTUAL'], ['AAVE', 'DOGE', 'ME'])
('2024-12-16 22:10:01', ['DOGE', 'EIGEN', 'ENA', 'ETH', 'FTM', 'HYPE', 'LINGO', 'LINK', 'ME', 'ONDO', 'SERV', 'SOL', 'SUI', 'VIRTUAL', 'XRP'], ['ENA', 'XRP'])
('2024-12-16 22:20:02', ['EIGEN', 'ENA', 'ETH', 'FARTCOIN', 'FTM', 'HYPE', 'LINGO', 'LINK', 'ONDO', 'PEPE', 'SERV', 'SOL', 'SUI', 'VIRTUAL', 'XRP'], ['FARTCOIN', 'PEPE'])
('2024-12-16 22:30:01', ['EIGEN', 'ENA', 'ETH', 'FARTCOIN', 'FTM', 'HYPE', 'LINGO', 'ONDO', 'PEPE', 'PYTH', 'SERV', 'SOL', 'SUI', 'VIRTUAL', 'XRP'], ['PYTH'])
('2024-12-16 22:40:02', ['AERO', 'EIGEN', 'ENA', 'ETH', 'FARTCOIN', 'FET', 'HYPE', 'LINGO', 'ONDO', 'PEPE', 'PYTH', 'SERV', 'SOL', 'SUI', 'VIRTUAL'], ['AERO', 'FET'])
('2024-12-16 22:50:01', ['EIGEN', 'ENA', 'ETH', 'FARTCOIN', 'FTM', 'HYPE', 'LINGO', 'ONDO', 'PEPE', 'PIN', 'PYTH', 'SERV', 'SOL', 'SUI', 'VIRTUAL'], ['FTM', 'PIN'])
('2024-12-16 23:00:02', ['AERO', 'EIGEN', 'ENA', 'ETH', 'FARTCOIN', 'HYPE', 'LINGO', 'ONDO', 'PIN', 'SERV', 'SOL', 'SPX', 'SUI', 'VIRTUAL', 'XRP'], ['AERO', 'SPX', 'XRP'])
('2024-12-16 23:10:01', ['ENA', 'ETH', 'FARTCOIN', 'HYPE', 'LINGO', 'LINK', 'ONDO', 'PEPE', 'PIN', 'SERV', 'SOL', 'SPX', 'SUI', 'VIRTUAL', 'XRP'], ['LINK', 'PEPE'])
('2024-12-16 23:20:02', ['BTC', 'ENA', 'ETH', 'FARTCOIN', 'HYPE', 'LINGO', 'ONDO', 'PEPE', 'PIN', 'SERV', 'SOL', 'SPX', 'SUI', 'VIRTUAL', 'XRP'], ['BTC'])
('2024-12-16 23:30:01', ['BTC', 'ETH', 'FARTCOIN', 'FTM', 'HYPE', 'LINGO', 'ONDO', 'PEPE', 'PIN', 'SERV', 'SOL', 'SPX', 'SUI', 'VIRTUAL', 'XRP'], ['FTM'])
('2024-12-16 23:40:02', ['BONK', 'ETH', 'FARTCOIN', 'FTM', 'GRASS', 'HYPE', 'LINGO', 'ONDO', 'PIN', 'SERV', 'SOL', 'SPX', 'SUI', 'VIRTUAL', 'XRP'], ['BONK', 'GRASS'])
('2024-12-16 23:50:01', ['ENA', 'ETH', 'FARTCOIN', 'FTM', 'GRASS', 'HYPE', 'LINGO', 'ONDO', 'PEPE', 'PIN', 'SERV', 'SOL', 'SUI', 'VIRTUAL', 'XRP'], ['ENA', 'PEPE'])
('2024-12-17 00:00:02', ['DOG', 'ENA', 'ETH', 'FARTCOIN', 'FTM', 'HYPE', 'LINGO', 'ONDO', 'PEPE', 'PIN', 'SERV', 'SOL', 'SUI', 'VIRTUAL', 'XRP'], ['DOG'])
('2024-12-17 00:20:02', ['AERO', 'DOG', 'ENA', 'ETH', 'FARTCOIN', 'FTM', 'HYPE', 'LINGO', 'ONDO', 'PIN', 'SERV', 'SOL', 'SUI', 'VIRTUAL', 'XRP'], ['AERO'])
('2024-12-17 00:40:01', ['BTC', 'DOG', 'ENA', 'ETH', 'FARTCOIN', 'FTM', 'HYPE', 'LINGO', 'ONDO', 'PIN', 'SERV', 'SOL', 'SUI', 'VIRTUAL', 'XRP'], ['BTC'])
('2024-12-17 00:50:01', ['AERO', 'BTC', 'DOG', 'ETH', 'FARTCOIN', 'FTM', 'HYPE', 'LINGO', 'ME', 'ONDO', 'SERV', 'SOL', 'SUI', 'VIRTUAL', 'XRP'], ['AERO', 'ME'])
('2024-12-17 01:00:01', ['AERO', 'BTC', 'DOG', 'ETH', 'FTM', 'GRASS', 'HYPE', 'LINGO', 'ME', 'ONDO', 'SERV', 'SOL', 'SUI', 'VIRTUAL', 'XRP'], ['GRASS'])
('2024-12-17 01:10:01', ['AERO', 'BTC', 'DOG', 'ETH', 'FARTCOIN', 'FTM', 'GOAT', 'HYPE', 'LINGO', 'ME', 'ONDO', 'SERV', 'SOL', 'SUI', 'VIRTUAL'], ['FARTCOIN', 'GOAT'])
('2024-12-17 01:20:01', ['BTC', 'DOG', 'ETH', 'FARTCOIN', 'FTM', 'GOAT', 'HYPE', 'LINGO', 'ME', 'ONDO', 'SERV', 'SOL', 'SUI', 'TAO', 'VIRTUAL'], ['TAO'])
('2024-12-17 01:30:02', ['BTC', 'DOG', 'ENA', 'ETH', 'GOAT', 'HYPE', 'LINGO', 'ME', 'ONDO', 'PIN', 'SERV', 'SOL', 'SUI', 'TAO', 'VIRTUAL'], ['ENA', 'PIN'])
('2024-12-17 01:40:01', ['DOG', 'ENA', 'ETH', 'GOAT', 'GRASS', 'HYPE', 'LINGO', 'ME', 'ONDO', 'PIN', 'SERV', 'SOL', 'SUI', 'TAO', 'VIRTUAL'], ['GRASS'])
('2024-12-17 01:50:01', ['DOG', 'ETH', 'FARTCOIN', 'GOAT', 'HYPE', 'LINGO', 'ME', 'ONDO', 'PIN', 'SERV', 'SOL', 'SUI', 'TAO', 'VIRTUAL', 'XRP'], ['FARTCOIN', 'XRP'])
('2024-12-17 02:00:02', ['BENJI', 'DOG', 'ENA', 'ETH', 'FARTCOIN', 'GOAT', 'HYPE', 'LINGO', 'ME', 'ONDO', 'SERV', 'SOL', 'SUI', 'VIRTUAL', 'XRP'], ['BENJI', 'ENA'])
('2024-12-17 02:10:01', ['AAVE', 'BENJI', 'DOG', 'ENA', 'ETH', 'FARTCOIN', 'HYPE', 'LINGO', 'ME', 'ONDO', 'SERV', 'SOL', 'SUI', 'VIRTUAL', 'XRP'], ['AAVE'])
('2024-12-17 02:20:01', ['AAVE', 'BENJI', 'DOG', 'ENA', 'ETH', 'FARTCOIN', 'GRASS', 'HYPE', 'LINGO', 'ME', 'ONDO', 'SOL', 'SUI', 'VIRTUAL', 'XRP'], ['GRASS'])
('2024-12-17 02:30:01', ['AAVE', 'BENJI', 'CHEX', 'DOG', 'ENA', 'ETH', 'FARTCOIN', 'HYPE', 'LINGO', 'ME', 'ONDO', 'RUNE', 'SOL', 'SUI', 'VIRTUAL'], ['CHEX', 'RUNE'])
('2024-12-17 02:40:02', ['AAVE', 'BENJI', 'CHEX', 'DOG', 'ENA', 'ETH', 'FARTCOIN', 'HYPE', 'LINGO', 'ME', 'ONDO', 'PEPE', 'SOL', 'SUI', 'VIRTUAL'], ['PEPE'])
('2024-12-17 02:50:01', ['BENJI', 'CHEX', 'DOG', 'ENA', 'ETH', 'FARTCOIN', 'GOAT', 'HYPE', 'LINGO', 'ONDO', 'PEPE', 'SOL', 'SUI', 'VIRTUAL', 'XRP'], ['GOAT', 'XRP'])
('2024-12-17 03:00:02', ['AERO', 'BENJI', 'CHEX', 'DOG', 'ENA', 'ETH', 'FARTCOIN', 'GOAT', 'GRASS', 'HYPE', 'ONDO', 'PEPE', 'SOL', 'SUI', 'VIRTUAL'], ['AERO', 'GRASS'])
('2024-12-17 03:10:01', ['BENJI', 'CHEX', 'DOG', 'ENA', 'ETH', 'FARTCOIN', 'GOAT', 'GRASS', 'HYPE', 'LINGO', 'ONDO', 'RUNE', 'SOL', 'SUI', 'VIRTUAL'], ['LINGO', 'RUNE'])
('2024-12-17 03:20:02', ['BENJI', 'BTC', 'CHEX', 'DOG', 'ENA', 'ETH', 'FARTCOIN', 'GOAT', 'GRASS', 'HYPE', 'LINGO', 'ONDO', 'SOL', 'SUI', 'VIRTUAL'], ['BTC'])
('2024-12-17 03:30:01', ['BENJI', 'CHEX', 'DOG', 'ENA', 'ETH', 'FARTCOIN', 'GOAT', 'GRASS', 'HYPE', 'LINGO', 'ONDO', 'PEPE', 'SOL', 'SUI', 'VIRTUAL'], ['PEPE'])
('2024-12-17 03:40:02', ['BENJI', 'BTC', 'DOG', 'ENA', 'ETH', 'FARTCOIN', 'GOAT', 'GRASS', 'HYPE', 'LINGO', 'ME', 'ONDO', 'SOL', 'SUI', 'VIRTUAL'], ['BTC', 'ME'])
('2024-12-17 03:50:01', ['BENJI', 'BTC', 'DOG', 'ENA', 'ETH', 'FARTCOIN', 'GRASS', 'HYPE', 'LINGO', 'ME', 'ONDO', 'SOL', 'SUI', 'VIRTUAL', 'XRP'], ['XRP'])
('2024-12-17 04:00:02', ['BENJI', 'BTC', 'DOG', 'ENA', 'ETH', 'FARTCOIN', 'FTM', 'HYPE', 'LINGO', 'ME', 'ONDO', 'SOL', 'SUI', 'VIRTUAL', 'XRP'], ['FTM'])
('2024-12-17 04:20:02', ['BENJI', 'BTC', 'DOG', 'ENA', 'ETH', 'FTM', 'HYPE', 'LINGO', 'ME', 'ONDO', 'PEPE', 'SOL', 'SUI', 'VIRTUAL', 'XRP'], ['PEPE'])
('2024-12-17 04:30:01', ['AIXBT', 'BENJI', 'BTC', 'DOG', 'ENA', 'ETH', 'FTM', 'HYPE', 'LINGO', 'ME', 'ONDO', 'SOL', 'SUI', 'VIRTUAL', 'XRP'], ['AIXBT'])
('2024-12-17 04:40:01', ['AI16Z', 'AIXBT', 'DOG', 'ENA', 'ETH', 'FTM', 'HYPE', 'KAS', 'LINGO', 'ME', 'ONDO', 'SOL', 'SUI', 'VIRTUAL', 'XRP'], ['AI16Z', 'KAS'])
('2024-12-17 04:50:01', ['BENJI', 'DOG', 'ENA', 'ETH', 'HYPE', 'KAS', 'LINGO', 'ME', 'ONDO', 'PEPE', 'SOL', 'SUI', 'VIRTUAL', 'XRP', 'ZENT'], ['BENJI', 'PEPE', 'ZENT'])
('2024-12-17 05:00:01', ['BENJI', 'DOG', 'ENA', 'ETH', 'FARTCOIN', 'HYPE', 'LINGO', 'ME', 'ONDO', 'PEPE', 'SOL', 'SUI', 'VIRTUAL', 'XRP', 'ZENT'], ['FARTCOIN'])
('2024-12-17 05:10:01', ['AI16Z', 'DOG', 'ENA', 'ETH', 'FARTCOIN', 'HYPE', 'LINGO', 'ME', 'ONDO', 'SOL', 'SUI', 'VANA', 'VIRTUAL', 'XRP', 'ZENT'], ['AI16Z', 'VANA'])
('2024-12-17 05:20:01', ['AERO', 'BENJI', 'DOG', 'ETH', 'FTM', 'HYPE', 'LINGO', 'ME', 'ONDO', 'SOL', 'SUI', 'VANA', 'VIRTUAL', 'XRP', 'ZENT'], ['AERO', 'BENJI', 'FTM'])
('2024-12-17 05:30:02', ['ARB', 'DOG', 'ENA', 'ETH', 'FARTCOIN', 'HYPE', 'LINGO', 'ME', 'ONDO', 'SOL', 'SUI', 'VANA', 'VIRTUAL', 'XRP', 'ZENT'], ['ARB', 'ENA', 'FARTCOIN'])
('2024-12-17 05:40:02', ['BTC', 'DOG', 'ETH', 'FARTCOIN', 'HYPE', 'LINGO', 'LINK', 'ME', 'ONDO', 'SOL', 'SUI', 'VANA', 'VIRTUAL', 'XRP', 'ZENT'], ['BTC', 'LINK'])
('2024-12-17 05:50:01', ['BTC', 'DOG', 'ETH', 'FARTCOIN', 'FTM', 'HYPE', 'LINGO', 'ME', 'ONDO', 'SOL', 'SUI', 'VANA', 'VIRTUAL', 'XRP', 'ZENT'], ['FTM'])
('2024-12-17 06:20:01', ['BTC', 'DOG', 'ETH', 'FARTCOIN', 'HYPE', 'LINGO', 'ME', 'ONDO', 'SERV', 'SOL', 'SUI', 'VANA', 'VIRTUAL', 'XRP', 'ZENT'], ['SERV'])
('2024-12-17 06:40:01', ['DOG', 'ETH', 'FTM', 'GRASS', 'HYPE', 'ME', 'ONDO', 'SERV', 'SOL', 'SUI', 'VANA', 'VIRTUAL', 'XRP', 'ZENT', 'ZRO'], ['FTM', 'GRASS', 'ZRO'])
('2024-12-17 06:50:02', ['APE', 'BENJI', 'CHEX', 'DOG', 'ETH', 'HYPE', 'ME', 'ONDO', 'SERV', 'SOL', 'SUI', 'VANA', 'VIRTUAL', 'XRP', 'ZENT'], ['APE', 'BENJI', 'CHEX'])
('2024-12-17 07:00:01', ['APE', 'BENJI', 'DOG', 'ETH', 'HYPE', 'ME', 'ONDO', 'SERV', 'SOL', 'SUI', 'VANA', 'VIRTUAL', 'XRP', 'ZENT', 'ZRO'], ['ZRO'])
('2024-12-17 07:10:02', ['AI16Z', 'APE', 'BENJI', 'DOG', 'ETH', 'HYPE', 'ME', 'ONDO', 'SERV', 'SOL', 'SUI', 'VANA', 'VIRTUAL', 'XRP', 'ZENT'], ['AI16Z'])
('2024-12-17 07:20:01', ['AI16Z', 'APE', 'BENJI', 'BTC', 'DOG', 'ETH', 'HYPE', 'ME', 'ONDO', 'SERV', 'SOL', 'SUI', 'VANA', 'VIRTUAL', 'ZENT'], ['BTC'])
('2024-12-17 07:30:01', ['AI16Z', 'APE', 'DOG', 'ETH', 'FTM', 'HYPE', 'LINK', 'ME', 'ONDO', 'SERV', 'SOL', 'SUI', 'VANA', 'VIRTUAL', 'ZENT'], ['FTM', 'LINK'])
('2024-12-17 07:40:02', ['APE', 'BENJI', 'DOG', 'ETH', 'FTM', 'HYPE', 'LINGO', 'ME', 'ONDO', 'SOL', 'SUI', 'VANA', 'VIRTUAL', 'XRP', 'ZENT'], ['BENJI', 'LINGO', 'XRP'])
('2024-12-17 07:50:02', ['AAVE', 'APE', 'BENJI', 'DOG', 'ETH', 'HYPE', 'LINGO', 'ME', 'ONDO', 'PEPE', 'SOL', 'SUI', 'VANA', 'VIRTUAL', 'XRP'], ['AAVE', 'PEPE'])
('2024-12-17 08:00:01', ['AAVE', 'APE', 'BENJI', 'DOG', 'ETH', 'FTM', 'HYPE', 'LINGO', 'ME', 'ONDO', 'SOL', 'SUI', 'VANA', 'VIRTUAL', 'XRP'], ['FTM'])
('2024-12-17 08:10:01', ['AAVE', 'DOG', 'ENA', 'ETH', 'FTM', 'HYPE', 'LINGO', 'ME', 'ONDO', 'SERV', 'SOL', 'SUI', 'VANA', 'VIRTUAL', 'XRP'], ['ENA', 'SERV'])
('2024-12-17 08:30:01', ['AAVE', 'DOG', 'ENA', 'ETH', 'HYPE', 'LINGO', 'ME', 'ONDO', 'SERV', 'SOL', 'SUI', 'VANA', 'VIRTUAL', 'XRP', 'ZENT'], ['ZENT'])
('2024-12-17 08:40:02', ['DOG', 'ENA', 'ETH', 'HYPE', 'LINGO', 'ME', 'ONDO', 'SERV', 'SOL', 'SUI', 'TAO', 'VANA', 'VIRTUAL', 'XRP', 'ZENT'], ['TAO'])
('2024-12-17 08:50:02', ['BEAM', 'DOG', 'ENA', 'ETH', 'HYPE', 'LINGO', 'ME', 'ONDO', 'SERV', 'SOL', 'SUI', 'TAO', 'VANA', 'VIRTUAL', 'XRP'], ['BEAM'])
('2024-12-17 09:00:01', ['BEAM', 'DOG', 'ENA', 'ETH', 'FARTCOIN', 'GOAT', 'HYPE', 'LINGO', 'ONDO', 'SERV', 'SOL', 'SUI', 'VANA', 'VIRTUAL', 'XRP'], ['FARTCOIN', 'GOAT'])
('2024-12-17 09:10:02', ['BEAM', 'BTC', 'CHEX', 'DOG', 'ENA', 'ETH', 'GOAT', 'HYPE', 'ONDO', 'SERV', 'SOL', 'SUI', 'VANA', 'VIRTUAL', 'XRP'], ['BTC', 'CHEX'])
('2024-12-17 09:20:01', ['BEAM', 'BTC', 'CHEX', 'DOG', 'ENA', 'ETH', 'HYPE', 'ONDO', 'SERV', 'SOL', 'SUI', 'VANA', 'VIRTUAL', 'VVAIFU', 'XRP'], ['VVAIFU'])
('2024-12-17 09:30:01', ['BEAM', 'BTC', 'CHEX', 'DOG', 'ENA', 'ETH', 'HYPE', 'LINGO', 'ONDO', 'SOL', 'SUI', 'VANA', 'VIRTUAL', 'VVAIFU', 'XRP'], ['LINGO'])
('2024-12-17 09:50:01', ['BTC', 'CHEX', 'DOG', 'ENA', 'ETH', 'FARTCOIN', 'HYPE', 'LINGO', 'ONDO', 'SOL', 'SUI', 'VANA', 'VIRTUAL', 'VVAIFU', 'XRP'], ['FARTCOIN'])
('2024-12-17 10:00:02', ['BTC', 'DOG', 'ENA', 'ETH', 'FARTCOIN', 'HYPE', 'LINGO', 'ME', 'ONDO', 'SOL', 'SUI', 'VANA', 'VIRTUAL', 'VVAIFU', 'XRP'], ['ME'])
('2024-12-17 10:20:02', ['BTC', 'DOG', 'ENA', 'ETH', 'HYPE', 'LINGO', 'ME', 'ONDO', 'PEAQ', 'SOL', 'SUI', 'TAO', 'VANA', 'VIRTUAL', 'XRP'], ['PEAQ', 'TAO'])
('2024-12-17 10:30:01', ['BTC', 'DOG', 'ENA', 'ETH', 'HYPE', 'IDIA', 'LINGO', 'ME', 'ONDO', 'SOL', 'SUI', 'TAO', 'VANA', 'VIRTUAL', 'XRP'], ['IDIA'])
('2024-12-17 10:40:01', ['AI16Z', 'BTC', 'DOG', 'ENA', 'HYPE', 'IDIA', 'LINGO', 'ME', 'ONDO', 'PEPE', 'SOL', 'SUI', 'VANA', 'VIRTUAL', 'XRP'], ['AI16Z', 'PEPE'])
('2024-12-17 10:50:02', ['BTC', 'DOG', 'ENA', 'ETH', 'HYPE', 'IDIA', 'LINGO', 'ME', 'ONDO', 'PEPE', 'SOL', 'SUI', 'VANA', 'VIRTUAL', 'XRP'], ['ETH'])
('2024-12-17 11:00:01', ['AI16Z', 'CHEX', 'DOG', 'ENA', 'ETH', 'HYPE', 'LINGO', 'ME', 'ONDO', 'PEPE', 'SOL', 'SUI', 'VANA', 'VIRTUAL', 'XRP'], ['AI16Z', 'CHEX'])
('2024-12-17 11:10:02', ['AI16Z', 'BTC', 'DOG', 'ENA', 'ETH', 'HYPE', 'LINGO', 'ME', 'ONDO', 'PEPE', 'SOL', 'SUI', 'VANA', 'VIRTUAL', 'XRP'], ['BTC'])
('2024-12-17 11:20:01', ['AI16Z', 'BTC', 'CHEX', 'DOG', 'ENA', 'ETH', 'HYPE', 'LINGO', 'ME', 'ONDO', 'SOL', 'SUI', 'VANA', 'VIRTUAL', 'XRP'], ['CHEX'])
('2024-12-17 11:30:02', ['BTC', 'CHEX', 'DOG', 'ENA', 'ETH', 'HYPE', 'LINGO', 'LINK', 'ME', 'ONDO', 'SOL', 'SUI', 'VANA', 'VIRTUAL', 'XRP'], ['LINK'])
('2024-12-17 11:40:01', ['BTC', 'DOG', 'ENA', 'ETH', 'HYPE', 'LINGO', 'LINK', 'ME', 'ONDO', 'PEPE', 'SOL', 'SUI', 'VANA', 'VIRTUAL', 'XRP'], ['PEPE'])
('2024-12-17 11:50:02', ['BTC', 'CHEX', 'DOG', 'ENA', 'ETH', 'HYPE', 'LINGO', 'ME', 'ONDO', 'PEPE', 'SOL', 'SUI', 'VANA', 'VIRTUAL', 'XRP'], ['CHEX'])
('2024-12-17 12:00:01', ['BTC', 'DOG', 'ENA', 'ETH', 'HYPE', 'LINGO', 'LINK', 'ME', 'ONDO', 'PEPE', 'SOL', 'SUI', 'VANA', 'VIRTUAL', 'XRP'], ['LINK'])
('2024-12-17 12:10:02', ['BTC', 'DOG', 'ENA', 'ETH', 'GRASS', 'HYPE', 'LINK', 'ME', 'ONDO', 'PEPE', 'SOL', 'SUI', 'VANA', 'VIRTUAL', 'XRP'], ['GRASS'])
('2024-12-17 12:20:01', ['AAVE', 'DOG', 'ENA', 'ETH', 'FARTCOIN', 'HYPE', 'LINK', 'ME', 'ONDO', 'PEPE', 'SOL', 'SUI', 'VANA', 'VIRTUAL', 'XRP'], ['AAVE', 'FARTCOIN'])
('2024-12-17 12:30:02', ['AAVE', 'DOG', 'ENA', 'ETH', 'FARTCOIN', 'GRASS', 'HYPE', 'ME', 'ONDO', 'PEPU', 'SOL', 'SUI', 'VANA', 'VIRTUAL', 'XRP'], ['GRASS', 'PEPU'])
('2024-12-17 12:40:01', ['AAVE', 'BTC', 'DOG', 'ENA', 'ETH', 'HYPE', 'LINK', 'ME', 'ONDO', 'PEPE', 'SOL', 'SUI', 'VANA', 'VIRTUAL', 'XRP'], ['BTC', 'LINK', 'PEPE'])
('2024-12-17 12:50:02', ['AAVE', 'BTC', 'ENA', 'ETH', 'FARTCOIN', 'HYPE', 'ME', 'ONDO', 'PEPE', 'RON', 'SOL', 'SUI', 'VANA', 'VIRTUAL', 'XRP'], ['FARTCOIN', 'RON'])
('2024-12-17 13:00:01', ['BTC', 'DOG', 'ENA', 'ETH', 'FARTCOIN', 'HYPE', 'ME', 'ONDO', 'PEPE', 'PEPU', 'SOL', 'SUI', 'VANA', 'VIRTUAL', 'XRP'], ['DOG', 'PEPU'])
('2024-12-17 13:10:02', ['BTC', 'DOG', 'ENA', 'ETH', 'FARTCOIN', 'HYPE', 'ME', 'ONDO', 'PEPE', 'RON', 'SOL', 'SUI', 'VANA', 'VIRTUAL', 'XRP'], ['RON'])
('2024-12-17 13:20:01', ['APE', 'BTC', 'DOG', 'ETH', 'FARTCOIN', 'HYPE', 'ME', 'ONDO', 'PENGU', 'PEPE', 'SOL', 'SUI', 'VANA', 'VIRTUAL', 'XRP'], ['APE', 'PENGU'])
('2024-12-17 13:30:01', ['APE', 'DOG', 'ETH', 'FARTCOIN', 'HYPE', 'ME', 'ONDO', 'PENGU', 'PEPE', 'RON', 'SOL', 'SUI', 'VANA', 'VIRTUAL', 'XRP'], ['RON'])
('2024-12-17 13:40:01', ['APE', 'DOG', 'ETH', 'FARTCOIN', 'HYPE', 'JUP', 'ME', 'ONDO', 'PENGU', 'PEPE', 'SOL', 'SUI', 'VANA', 'VIRTUAL', 'XRP'], ['JUP'])
('2024-12-17 13:50:02', ['APE', 'DOG', 'ENA', 'ETH', 'FARTCOIN', 'HYPE', 'ME', 'ONDO', 'PENGU', 'PEPE', 'SOL', 'SUI', 'VANA', 'VIRTUAL', 'XRP'], ['ENA'])
('2024-12-17 14:00:01', ['APE', 'DOG', 'ENA', 'ETH', 'HYPE', 'ME', 'ONDO', 'PENGU', 'PEPE', 'RON', 'SOL', 'SUI', 'VANA', 'VIRTUAL', 'XRP'], ['RON'])
('2024-12-17 14:10:02', ['AI16Z', 'APE', 'DOG', 'ENA', 'ETH', 'HYPE', 'ME', 'ONDO', 'PENGU', 'PEPE', 'SOL', 'SUI', 'VANA', 'VIRTUAL', 'XRP'], ['AI16Z'])
('2024-12-17 14:30:02', ['APE', 'DOG', 'DOGE', 'ENA', 'ETH', 'HYPE', 'ME', 'ONDO', 'PENGU', 'PEPE', 'SOL', 'SUI', 'VANA', 'VIRTUAL', 'XRP'], ['DOGE'])
('2024-12-17 14:40:01', ['AI16Z', 'APE', 'DOG', 'DOGE', 'ETH', 'HYPE', 'ME', 'ONDO', 'PENGU', 'PEPE', 'SOL', 'SUI', 'VANA', 'VIRTUAL', 'XRP'], ['AI16Z'])
('2024-12-17 14:50:02', ['AI16Z', 'APE', 'DOG', 'DOGE', 'ETH', 'GRASS', 'HYPE', 'LINGO', 'ME', 'PENGU', 'SOL', 'SUI', 'VANA', 'VIRTUAL', 'XRP'], ['GRASS', 'LINGO'])
('2024-12-17 15:00:01', ['APE', 'DOG', 'ETH', 'FARTCOIN', 'GRASS', 'HYPE', 'LINGO', 'ME', 'PENGU', 'PEPE', 'SOL', 'SUI', 'VANA', 'VIRTUAL', 'XRP'], ['FARTCOIN', 'PEPE'])
('2024-12-17 15:20:02', ['APE', 'BTC', 'DOG', 'ETH', 'FARTCOIN', 'GRASS', 'HYPE', 'LINGO', 'ME', 'PENGU', 'SOL', 'SUI', 'VANA', 'VIRTUAL', 'XRP'], ['BTC'])
('2024-12-17 15:40:02', ['APE', 'BTC', 'DOG', 'ETH', 'GRASS', 'HYPE', 'LINGO', 'ME', 'ONDO', 'PENGU', 'SOL', 'SUI', 'VANA', 'VIRTUAL', 'XRP'], ['ONDO'])
('2024-12-17 15:50:01', ['APE', 'BEAM', 'CHEX', 'DOG', 'ETH', 'HYPE', 'LINGO', 'ME', 'ONDO', 'PENGU', 'SOL', 'SUI', 'VANA', 'VIRTUAL', 'XRP'], ['BEAM', 'CHEX'])
('2024-12-17 16:00:02', ['APE', 'BEAM', 'BTC', 'DOG', 'GRASS', 'HYPE', 'LINGO', 'ME', 'ONDO', 'PENGU', 'SOL', 'SUI', 'VANA', 'VIRTUAL', 'XRP'], ['BTC', 'GRASS'])
('2024-12-17 16:10:01', ['APE', 'BEAM', 'CHEX', 'DOG', 'ETH', 'HYPE', 'LINGO', 'ME', 'ONDO', 'PENGU', 'SOL', 'SUI', 'VANA', 'VIRTUAL', 'XRP'], ['CHEX', 'ETH'])
('2024-12-17 16:20:01', ['APE', 'BEAM', 'BTC', 'CHEX', 'DOG', 'HYPE', 'LINGO', 'ME', 'ONDO', 'PENGU', 'SOL', 'SUI', 'VANA', 'VIRTUAL', 'XRP'], ['BTC'])
('2024-12-17 16:40:01', ['APE', 'BEAM', 'BTC', 'CHEX', 'DOG', 'ETH', 'HYPE', 'LINGO', 'ME', 'ONDO', 'PENGU', 'SOL', 'SUI', 'VANA', 'VIRTUAL'], ['ETH'])
('2024-12-17 16:50:02', ['APE', 'BEAM', 'CHEX', 'DOG', 'ETH', 'HYPE', 'LINGO', 'ME', 'ONDO', 'PENGU', 'SOL', 'SUI', 'VANA', 'VIRTUAL', 'XRP'], ['XRP'])
('2024-12-17 17:00:01', ['APE', 'BEAM', 'CHEX', 'DOG', 'ETH', 'GRASS', 'HYPE', 'ME', 'ONDO', 'PENGU', 'SOL', 'SUI', 'VANA', 'VIRTUAL', 'XRP'], ['GRASS'])
('2024-12-17 17:10:02', ['APE', 'BEAM', 'CHEX', 'DOG', 'ETH', 'HYPE', 'LINGO', 'ME', 'ONDO', 'PENGU', 'SOL', 'SUI', 'VANA', 'VIRTUAL', 'XRP'], ['LINGO'])
('2024-12-17 17:20:01', ['APE', 'BEAM', 'CHEX', 'DOG', 'ETH', 'GRASS', 'HYPE', 'ME', 'ONDO', 'PENGU', 'SOL', 'SUI', 'VANA', 'VIRTUAL', 'XRP'], ['GRASS'])
('2024-12-17 17:40:01', ['APE', 'CHEX', 'DOG', 'ETH', 'FARTCOIN', 'GRASS', 'HYPE', 'ME', 'ONDO', 'PENGU', 'SOL', 'SUI', 'VANA', 'VIRTUAL', 'XRP'], ['FARTCOIN'])
('2024-12-17 17:50:02', ['APE', 'CHEX', 'DOG', 'ETH', 'FARTCOIN', 'HYPE', 'ME', 'ONDO', 'PENGU', 'PEPE', 'SOL', 'SUI', 'VANA', 'VIRTUAL', 'XRP'], ['PEPE'])
('2024-12-17 18:40:02', ['APE', 'DOG', 'ETH', 'FARTCOIN', 'HYPE', 'ME', 'ONDO', 'PENGU', 'PEPE', 'PEPU', 'SOL', 'SUI', 'VANA', 'VIRTUAL', 'XRP'], ['PEPU'])
('2024-12-17 18:50:01', ['APE', 'DOG', 'ETH', 'FARTCOIN', 'HBAR', 'HYPE', 'ME', 'ONDO', 'PENGU', 'PEPU', 'SOL', 'SUI', 'VANA', 'VIRTUAL', 'XRP'], ['HBAR'])
('2024-12-17 19:00:02', ['APE', 'CHEX', 'DOG', 'ETH', 'FARTCOIN', 'HYPE', 'LINGO', 'ME', 'ONDO', 'PENGU', 'SOL', 'SUI', 'VANA', 'VIRTUAL', 'XRP'], ['CHEX', 'LINGO'])
('2024-12-17 19:30:01', ['APE', 'DOG', 'ETH', 'FARTCOIN', 'HYPE', 'LINGO', 'ME', 'MEME', 'ONDO', 'PENGU', 'SOL', 'SUI', 'VANA', 'VIRTUAL', 'XRP'], ['MEME'])
('2024-12-17 20:00:01', ['BEAM', 'DOG', 'ETH', 'FARTCOIN', 'HYPE', 'LINGO', 'MEME', 'ONDO', 'PENGU', 'PIN', 'SOL', 'SUI', 'VANA', 'VIRTUAL', 'XRP'], ['BEAM', 'PIN'])
('2024-12-17 20:10:02', ['BTC', 'DOG', 'ETH', 'FARTCOIN', 'HYPE', 'LINGO', 'MEME', 'ONDO', 'PENGU', 'PIN', 'SOL', 'SUI', 'VANA', 'VIRTUAL', 'XRP'], ['BTC'])
('2024-12-17 20:50:02', ['BTC', 'DOG', 'ETH', 'FARTCOIN', 'HYPE', 'ME', 'ONDO', 'PENGU', 'PIN', 'SOL', 'SUI', 'TAO', 'VANA', 'VIRTUAL', 'XRP'], ['ME', 'TAO'])
('2024-12-17 21:00:01', ['BTC', 'DOG', 'ETH', 'FARTCOIN', 'HYPE', 'ME', 'ONDO', 'PENGU', 'REZ', 'SOL', 'SUI', 'TAO', 'VANA', 'VIRTUAL', 'XRP'], ['REZ'])
('2024-12-17 21:10:02', ['APE', 'DOG', 'ENA', 'ETH', 'FARTCOIN', 'HYPE', 'LINK', 'ME', 'ONDO', 'PENGU', 'PIN', 'SOL', 'SUI', 'VANA', 'VIRTUAL'], ['APE', 'ENA', 'LINK', 'PIN'])
('2024-12-17 21:20:01', ['APE', 'DOG', 'ENA', 'ETH', 'FARTCOIN', 'HYPE', 'ME', 'ONDO', 'PENGU', 'PEPE', 'PIN', 'SOL', 'SUI', 'VANA', 'VIRTUAL'], ['PEPE'])
('2024-12-17 21:30:02', ['CHAMP', 'DOG', 'ENA', 'ETH', 'FARTCOIN', 'HYPE', 'LINGO', 'ME', 'ONDO', 'PENGU', 'PIN', 'SOL', 'SUI', 'VANA', 'VIRTUAL'], ['CHAMP', 'LINGO'])
('2024-12-17 21:40:01', ['APE', 'DOG', 'ENA', 'ETH', 'FARTCOIN', 'HYPE', 'LINGO', 'ME', 'ONDO', 'PENGU', 'SOL', 'SUI', 'VANA', 'VIRTUAL', 'XRP'], ['APE', 'XRP'])
('2024-12-17 21:50:01', ['APE', 'CHEX', 'DOG', 'ENA', 'ETH', 'FARTCOIN', 'HYPE', 'LINGO', 'ME', 'ONDO', 'PENGU', 'SOL', 'SUI', 'VANA', 'VIRTUAL'], ['CHEX'])
('2024-12-17 22:00:02', ['CHEX', 'DOG', 'ETH', 'FARTCOIN', 'HYPE', 'LINGO', 'ME', 'ONDO', 'PENGU', 'PEPE', 'SOL', 'SUI', 'VANA', 'VIRTUAL', 'XRP'], ['PEPE', 'XRP'])
('2024-12-17 22:40:02', ['DOG', 'ETH', 'FARTCOIN', 'GRASS', 'HYPE', 'LINGO', 'ME', 'ONDO', 'PENGU', 'PEPE', 'SOL', 'SUI', 'VANA', 'VIRTUAL', 'XRP'], ['GRASS'])
('2024-12-17 23:00:01', ['DOG', 'ETH', 'FARTCOIN', 'HYPE', 'LINGO', 'ME', 'ONDO', 'PENGU', 'PEPE', 'PIN', 'SOL', 'SUI', 'VANA', 'VIRTUAL', 'XRP'], ['PIN'])
('2024-12-17 23:10:02', ['AERO', 'DOG', 'ETH', 'FARTCOIN', 'HYPE', 'LINGO', 'ME', 'ONDO', 'PENGU', 'PEPE', 'PIN', 'SOL', 'SUI', 'VANA', 'VIRTUAL'], ['AERO'])
('2024-12-17 23:20:01', ['AAVE', 'DOG', 'ETH', 'FARTCOIN', 'HYPE', 'LINGO', 'ONDO', 'PENGU', 'RENDER', 'SOL', 'SUI', 'TAO', 'VANA', 'VIRTUAL', 'XRP'], ['AAVE', 'RENDER', 'TAO', 'XRP'])
('2024-12-17 23:30:02', ['AERO', 'DOG', 'ETH', 'FARTCOIN', 'HYPE', 'ME', 'ONDO', 'PENGU', 'PIN', 'RENDER', 'SOL', 'SUI', 'VANA', 'VIRTUAL', 'XRP'], ['AERO', 'ME', 'PIN'])
('2024-12-17 23:50:02', ['DOG', 'ETH', 'FARTCOIN', 'HYPE', 'LINGO', 'ME', 'ONDO', 'PENGU', 'RENDER', 'SOL', 'SUI', 'TAO', 'VANA', 'VIRTUAL', 'XRP'], ['LINGO', 'TAO'])
('2024-12-18 00:00:02', ['AERO', 'DOG', 'ETH', 'FARTCOIN', 'HYPE', 'LINGO', 'ME', 'ONDO', 'PENGU', 'SOL', 'SUI', 'TAO', 'VANA', 'VIRTUAL', 'XRP'], ['AERO'])
('2024-12-18 00:10:01', ['DOG', 'ETH', 'FARTCOIN', 'HYPE', 'LINGO', 'ME', 'ONDO', 'PENGU', 'PIN', 'SOL', 'SUI', 'TAO', 'VANA', 'VIRTUAL', 'XRP'], ['PIN'])
('2024-12-18 00:20:02', ['AERO', 'DOG', 'ETH', 'FARTCOIN', 'HYPE', 'LINGO', 'ME', 'ONDO', 'PENGU', 'PIN', 'SOL', 'SUI', 'VANA', 'VIRTUAL', 'XRP'], ['AERO'])
('2024-12-18 00:30:01', ['CHAMP', 'DOG', 'ETH', 'FARTCOIN', 'HYPE', 'LINGO', 'ME', 'ONDO', 'PENGU', 'SOL', 'SUI', 'TAO', 'VANA', 'VIRTUAL', 'XRP'], ['CHAMP', 'TAO'])
('2024-12-18 00:40:01', ['BTC', 'DOG', 'ETH', 'FARTCOIN', 'HYPE', 'LINGO', 'ME', 'ONDO', 'PENGU', 'PIN', 'SOL', 'SUI', 'VANA', 'VIRTUAL', 'XRP'], ['BTC', 'PIN'])
('2024-12-18 00:50:01', ['BTC', 'DOG', 'ETH', 'FARTCOIN', 'HYPE', 'ME', 'ONDO', 'PENGU', 'PEPE', 'PIN', 'SOL', 'SUI', 'VANA', 'VIRTUAL', 'XRP'], ['PEPE'])
('2024-12-18 01:00:01', ['BTC', 'DOG', 'ETH', 'FARTCOIN', 'GRIFFAIN', 'HYPE', 'ME', 'ONDO', 'PENGU', 'PIN', 'SOL', 'SUI', 'VANA', 'VIRTUAL', 'XRP'], ['GRIFFAIN'])
('2024-12-18 01:10:02', ['BTC', 'DOG', 'ETH', 'FARTCOIN', 'GRIFFAIN', 'HYPE', 'ME', 'ONDO', 'PENGU', 'PEPE', 'PIN', 'SOL', 'SUI', 'VANA', 'VIRTUAL'], ['PEPE'])
('2024-12-18 01:20:01', ['BTC', 'DOG', 'DOGE', 'ENA', 'ETH', 'FARTCOIN', 'HYPE', 'KAS', 'ME', 'PENGU', 'PIN', 'SOL', 'SUI', 'VANA', 'VIRTUAL'], ['DOGE', 'ENA', 'KAS'])
('2024-12-18 01:30:02', ['BTC', 'DOG', 'ENA', 'ETH', 'FARTCOIN', 'HYPE', 'KAS', 'ME', 'ONDO', 'PENGU', 'PIN', 'SOL', 'SUI', 'VANA', 'VIRTUAL'], ['ONDO'])
('2024-12-18 01:40:01', ['BTC', 'DOG', 'ETH', 'FARTCOIN', 'GRIFFAIN', 'HYPE', 'ME', 'ONDO', 'PENGU', 'PIN', 'SOL', 'SUI', 'VANA', 'VIRTUAL', 'XRP'], ['GRIFFAIN', 'XRP'])
('2024-12-18 01:50:02', ['BTC', 'ETH', 'FARTCOIN', 'GRIFFAIN', 'HYPE', 'KAS', 'LINGO', 'ME', 'ONDO', 'PENGU', 'SOL', 'SUI', 'VANA', 'VIRTUAL', 'XRP'], ['KAS', 'LINGO'])
('2024-12-18 02:20:01', ['BTC', 'ETH', 'FARTCOIN', 'GRASS', 'HYPE', 'ME', 'ONDO', 'PENGU', 'PEPE', 'PIN', 'SOL', 'SUI', 'VANA', 'VIRTUAL', 'XRP'], ['GRASS', 'PEPE', 'PIN'])
('2024-12-18 02:30:02', ['BGB', 'BTC', 'FARTCOIN', 'HYPE', 'LINGO', 'ME', 'ONDO', 'PENGU', 'PEPE', 'PIN', 'SOL', 'SUI', 'VANA', 'VIRTUAL', 'XRP'], ['BGB', 'LINGO'])
('2024-12-18 02:40:02', ['BGB', 'ETH', 'FARTCOIN', 'HYPE', 'KAS', 'ME', 'ONDO', 'PENGU', 'PEPE', 'PIN', 'SOL', 'SUI', 'VANA', 'VIRTUAL', 'XRP'], ['ETH', 'KAS'])
('2024-12-18 02:50:01', ['AERO', 'BGB', 'ENA', 'ETH', 'FARTCOIN', 'HYPE', 'ME', 'ONDO', 'PENGU', 'PEPE', 'SOL', 'SUI', 'VANA', 'VIRTUAL', 'XRP'], ['AERO', 'ENA'])
('2024-12-18 03:00:02', ['BGB', 'ENA', 'ETH', 'FARTCOIN', 'HYPE', 'ME', 'ONDO', 'PENGU', 'PEPE', 'PIN', 'SOL', 'SUI', 'VANA', 'VIRTUAL', 'XRP'], ['PIN'])
('2024-12-18 03:10:01', ['BEAM', 'BGB', 'ENA', 'ETH', 'FARTCOIN', 'HYPE', 'ME', 'ONDO', 'PENGU', 'PEPE', 'SOL', 'SUI', 'VANA', 'VIRTUAL', 'XRP'], ['BEAM'])
('2024-12-18 03:30:01', ['BEAM', 'DOGE', 'ETH', 'FARTCOIN', 'HYPE', 'ME', 'ONDO', 'PENGU', 'PEPE', 'PEPU', 'SOL', 'SUI', 'VANA', 'VIRTUAL', 'XRP'], ['DOGE', 'PEPU'])
('2024-12-18 03:50:01', ['BEAM', 'ETH', 'FARTCOIN', 'HBAR', 'HYPE', 'ME', 'ONDO', 'PENGU', 'PEPE', 'PEPU', 'SOL', 'SUI', 'VANA', 'VIRTUAL', 'XRP'], ['HBAR'])
('2024-12-18 04:00:01', ['BEAM', 'BGB', 'ETH', 'FARTCOIN', 'HBAR', 'HYPE', 'ME', 'ONDO', 'PENGU', 'PEPE', 'SOL', 'SUI', 'VANA', 'VIRTUAL', 'XRP'], ['BGB'])
('2024-12-18 04:10:01', ['BGB', 'ENA', 'ETH', 'FARTCOIN', 'HBAR', 'HYPE', 'ME', 'ONDO', 'PENGU', 'PEPE', 'SOL', 'SUI', 'VANA', 'VIRTUAL', 'XRP'], ['ENA'])
('2024-12-18 04:20:01', ['ETH', 'FARTCOIN', 'GRIFFAIN', 'HBAR', 'HYPE', 'KAS', 'ME', 'ONDO', 'PENGU', 'PEPE', 'SOL', 'SUI', 'VANA', 'VIRTUAL', 'XRP'], ['GRIFFAIN', 'KAS'])
('2024-12-18 04:30:02', ['ENA', 'ETH', 'FARTCOIN', 'GRIFFAIN', 'HYPE', 'KAS', 'ME', 'ONDO', 'PENGU', 'PEPE', 'SOL', 'SUI', 'VANA', 'VIRTUAL', 'XRP'], ['ENA'])
('2024-12-18 04:40:01', ['APE', 'ENA', 'ETH', 'FARTCOIN', 'GRIFFAIN', 'HYPE', 'KAS', 'ME', 'PENGU', 'PEPE', 'SOL', 'SUI', 'VANA', 'VIRTUAL', 'XRP'], ['APE'])
('2024-12-18 04:50:02', ['ENA', 'ETH', 'FARTCOIN', 'GRIFFAIN', 'HYPE', 'KAS', 'ME', 'ONDO', 'PENGU', 'PEPE', 'SOL', 'SUI', 'VANA', 'VIRTUAL', 'XRP'], ['ONDO'])
('2024-12-18 05:00:01', ['BTC', 'ENA', 'ETH', 'FARTCOIN', 'HYPE', 'KAS', 'ME', 'PENGU', 'PEPU', 'SOL', 'SUI', 'TURBO', 'VANA', 'VIRTUAL', 'XRP'], ['BTC', 'PEPU', 'TURBO'])
('2024-12-18 05:10:02', ['AI16Z', 'ENA', 'ETH', 'FARTCOIN', 'HYPE', 'KAS', 'LINGO', 'ME', 'ONDO', 'PENGU', 'SOL', 'SUI', 'VANA', 'VIRTUAL', 'XRP'], ['AI16Z', 'LINGO', 'ONDO'])
('2024-12-18 05:20:01', ['AI16Z', 'ENA', 'ETH', 'FARTCOIN', 'HYPE', 'ME', 'ONDO', 'PENGU', 'PIN', 'SOL', 'SUI', 'VANA', 'VIRTUAL', 'W', 'XRP'], ['PIN', 'W'])
('2024-12-18 05:30:02', ['AI16Z', 'ENA', 'ETH', 'FARTCOIN', 'GRIFFAIN', 'HYPE', 'ME', 'ONDO', 'PENGU', 'PIN', 'SOL', 'SUI', 'VANA', 'VIRTUAL', 'XRP'], ['GRIFFAIN'])
('2024-12-18 05:40:01', ['AI16Z', 'ENA', 'ETH', 'FARTCOIN', 'GRIFFAIN', 'HYPE', 'ME', 'ONDO', 'PENGU', 'SOL', 'SUI', 'VANA', 'VIRTUAL', 'W', 'XRP'], ['W'])
('2024-12-18 05:50:02', ['AI16Z', 'ENA', 'ETH', 'FARTCOIN', 'GRIFFAIN', 'HYPE', 'ME', 'ONDO', 'PENGU', 'PEPE', 'SOL', 'SUI', 'VANA', 'VIRTUAL', 'XRP'], ['PEPE'])
('2024-12-18 06:10:01', ['AI16Z', 'BTC', 'ETH', 'FARTCOIN', 'GRIFFAIN', 'HYPE', 'ME', 'ONDO', 'PENGU', 'PEPE', 'SOL', 'SUI', 'VANA', 'VIRTUAL', 'XRP'], ['BTC'])
('2024-12-18 06:20:02', ['BTC', 'ELIZA', 'ETH', 'FARTCOIN', 'HYPE', 'ME', 'MONKY', 'ONDO', 'PENGU', 'PEPE', 'SOL', 'SUI', 'VANA', 'VIRTUAL', 'XRP'], ['ELIZA', 'MONKY'])
('2024-12-18 06:30:01', ['BTC', 'ELIZA', 'FARTCOIN', 'GRASS', 'HYPE', 'ME', 'MONKY', 'ONDO', 'PENGU', 'SOL', 'SUI', 'VANA', 'VIRTUAL', 'XRP', 'ZRC'], ['GRASS', 'ZRC'])
('2024-12-18 06:40:02', ['$RIF', 'BTC', 'ELIZA', 'FARTCOIN', 'GRASS', 'HYPE', 'ME', 'MONKY', 'ONDO', 'PENGU', 'SOL', 'SUI', 'VANA', 'VIRTUAL', 'ZRC'], ['$RIF'])
('2024-12-18 06:50:01', ['BTC', 'ELIZA', 'FARTCOIN', 'GRIFFAIN', 'HAPPY', 'HYPE', 'ME', 'MONKY', 'ONDO', 'PENGU', 'SOL', 'SUI', 'VANA', 'VIRTUAL', 'ZRC'], ['GRIFFAIN', 'HAPPY'])
('2024-12-18 07:00:02', ['$RIF', 'BTC', 'ELIZA', 'FARTCOIN', 'HAPPY', 'HYPE', 'ME', 'MONKY', 'ONDO', 'PENGU', 'SOL', 'SUI', 'VANA', 'VIRTUAL', 'ZRC'], ['$RIF'])
('2024-12-18 07:10:01', ['BTC', 'ELIZA', 'FARTCOIN', 'HAPPY', 'HYPE', 'ME', 'MONKY', 'ONDO', 'PENGU', 'SOL', 'SUI', 'VANA', 'VIRTUAL', 'XRP', 'ZRC'], ['XRP'])
('2024-12-18 07:20:01', ['BTC', 'ETH', 'FARTCOIN', 'HAPPY', 'HYPE', 'ME', 'MONKY', 'ONDO', 'PENGU', 'SOL', 'SUI', 'VANA', 'VIRTUAL', 'XRP', 'ZRC'], ['ETH'])
('2024-12-18 07:30:02', ['BTC', 'ETH', 'FARTCOIN', 'GOAT', 'HAPPY', 'HYPE', 'ME', 'ONDO', 'PENGU', 'PEPE', 'SOL', 'SUI', 'VANA', 'VIRTUAL', 'XRP'], ['GOAT', 'PEPE'])
('2024-12-18 07:40:01', ['AVAX', 'BTC', 'ETH', 'FARTCOIN', 'GRIFFAIN', 'HAPPY', 'HYPE', 'ME', 'ONDO', 'PENGU', 'SOL', 'SUI', 'VANA', 'VIRTUAL', 'XRP'], ['AVAX', 'GRIFFAIN'])
('2024-12-18 07:50:02', ['AVAX', 'BTC', 'ETH', 'HAPPY', 'HYPE', 'KAS', 'ME', 'MOVE', 'ONDO', 'PENGU', 'SOL', 'SUI', 'VANA', 'VIRTUAL', 'ZRC'], ['KAS', 'MOVE', 'ZRC'])
('2024-12-18 08:00:02', ['BTC', 'ETH', 'FARTCOIN', 'FTM', 'HAPPY', 'HYPE', 'ME', 'MOVE', 'ONDO', 'PENGU', 'RBNT', 'SOL', 'SUI', 'VANA', 'VIRTUAL'], ['FARTCOIN', 'FTM', 'RBNT'])
('2024-12-18 08:10:01', ['BTC', 'ETH', 'FARTCOIN', 'HAPPY', 'HYPE', 'LINGO', 'ME', 'MOVE', 'ONDO', 'PENGU', 'RBNT', 'SOL', 'SUI', 'VANA', 'VIRTUAL'], ['LINGO'])
('2024-12-18 08:20:02', ['BTC', 'ENA', 'FARTCOIN', 'HAPPY', 'HYPE', 'LINGO', 'ME', 'MOVE', 'ONDO', 'PENGU', 'RBNT', 'SOL', 'SUI', 'VANA', 'VIRTUAL'], ['ENA'])
('2024-12-18 08:40:01', ['ETH', 'FARTCOIN', 'HAPPY', 'HYPE', 'LINGO', 'ME', 'MOVE', 'ONDO', 'PENGU', 'RBNT', 'SOL', 'SUI', 'VANA', 'VIRTUAL', 'WRX'], ['ETH', 'WRX'])
('2024-12-18 08:50:02', ['BLZ', 'ETH', 'FARTCOIN', 'HAPPY', 'HYPE', 'LINGO', 'ME', 'ONDO', 'PENGU', 'RBNT', 'SOL', 'SUI', 'VANA', 'VIRTUAL', 'WRX'], ['BLZ'])
('2024-12-18 09:00:01', ['BLZ', 'BTC', 'ETH', 'HAPPY', 'HYPE', 'LINGO', 'ME', 'ONDO', 'PENGU', 'RBNT', 'SOL', 'SUI', 'VANA', 'VIRTUAL', 'WRX'], ['BTC'])
('2024-12-18 09:20:01', ['BLUE', 'BTC', 'ENA', 'ETH', 'HAPPY', 'HYPE', 'ONDO', 'PENGU', 'RBNT', 'SOL', 'SUI', 'VANA', 'VIRTUAL', 'WRX', 'XRP'], ['BLUE', 'ENA', 'XRP'])
('2024-12-18 09:30:01', ['APE', 'BLUE', 'BTC', 'ENA', 'ETH', 'HAPPY', 'HYPE', 'ONDO', 'PENGU', 'RBNT', 'SOL', 'SUI', 'VANA', 'VIRTUAL', 'XRP'], ['APE'])
('2024-12-18 09:40:01', ['APE', 'BGB', 'BLUE', 'BTC', 'ENA', 'ETH', 'HAPPY', 'HYPE', 'ONDO', 'PENGU', 'RBNT', 'SOL', 'SUI', 'VANA', 'VIRTUAL'], ['BGB'])
('2024-12-18 09:50:01', ['APE', 'BGB', 'BTC', 'ETH', 'HAPPY', 'HYPE', 'LUMIA', 'ONDO', 'PENGU', 'RBNT', 'SOL', 'SUI', 'VANA', 'VIRTUAL', 'XRP'], ['LUMIA', 'XRP'])
('2024-12-18 10:00:01', ['APE', 'BGB', 'ENA', 'ETH', 'HAPPY', 'HYPE', 'LUMIA', 'ONDO', 'PENGU', 'RBNT', 'SOL', 'SUI', 'VANA', 'VIRTUAL', 'XRP'], ['ENA'])
('2024-12-18 10:10:01', ['AI16Z', 'AIXBT', 'APE', 'ETH', 'HAPPY', 'HYPE', 'LUMIA', 'ONDO', 'PENGU', 'RBNT', 'SOL', 'SUI', 'VANA', 'VIRTUAL', 'XRP'], ['AI16Z', 'AIXBT'])
('2024-12-18 10:20:02', ['AI16Z', 'AIXBT', 'APX', 'CHEEMS', 'HAPPY', 'HYPE', 'KOMA', 'LUMIA', 'ONDO', 'PENGU', 'RBNT', 'SOL', 'SUI', 'VANA', 'VIRTUAL'], ['APX', 'CHEEMS', 'KOMA'])
('2024-12-18 10:40:02', ['AI16Z', 'AIXBT', 'APX', 'CHEEMS', 'HAPPY', 'HYPE', 'KOMA', 'LUMIA', 'ONDO', 'PENGU', 'RBNT', 'SOL', 'VANA', 'VIRTUAL', 'XRP'], ['XRP'])
('2024-12-18 10:50:01', ['AI16Z', 'AIXBT', 'APX', 'CHEEMS', 'HAPPY', 'HYPE', 'KOMA', 'ONDO', 'PENGU', 'RBNT', 'SOL', 'SUI', 'VANA', 'VIRTUAL', 'XRP'], ['SUI'])
('2024-12-18 11:10:02', ['AI16Z', 'AIXBT', 'APX', 'CHEEMS', 'FLUID', 'HAPPY', 'HYPE', 'KOMA', 'ONDO', 'PENGU', 'RBNT', 'SOL', 'SUI', 'VANA', 'VIRTUAL'], ['FLUID'])
('2024-12-18 11:20:01', ['AI16Z', 'AIXBT', 'APX', 'CHEEMS', 'HAPPY', 'HYPE', 'KOMA', 'ONDO', 'PENGU', 'RBNT', 'SOL', 'SUI', 'USD0', 'VANA', 'VIRTUAL'], ['USD0'])
('2024-12-18 11:30:02', ['AI16Z', 'AIXBT', 'APX', 'CHEEMS', 'ETH', 'HAPPY', 'HYPE', 'KOMA', 'ONDO', 'PENGU', 'RBNT', 'SUI', 'USD0', 'VANA', 'VIRTUAL'], ['ETH'])
('2024-12-18 11:40:01', ['AI16Z', 'AIXBT', 'APX', 'CHEEMS', 'ENA', 'ETH', 'HAPPY', 'HYPE', 'ONDO', 'PENGU', 'RBNT', 'SUI', 'USD0', 'VANA', 'VIRTUAL'], ['ENA'])
('2024-12-18 11:50:02', ['AI16Z', 'AIXBT', 'APX', 'ENA', 'ETH', 'HAPPY', 'HYPE', 'KOMA', 'ONDO', 'PENGU', 'RBNT', 'SUI', 'USD0', 'VANA', 'VIRTUAL'], ['KOMA'])
('2024-12-18 12:00:01', ['AI16Z', 'AIXBT', 'AKUMA', 'ENA', 'ETH', 'HAPPY', 'HYPE', 'ONDO', 'PENGU', 'RBNT', 'SUI', 'USD0', 'VANA', 'VIRTUAL', 'XRP'], ['AKUMA', 'XRP'])
('2024-12-18 12:20:01', ['AI16Z', 'AIXBT', 'AKUMA', 'ENA', 'FARTCOIN', 'HAPPY', 'HYPE', 'ONDO', 'PENGU', 'RBNT', 'SUI', 'USD0', 'VANA', 'VIRTUAL', 'XRP'], ['FARTCOIN'])
('2024-12-18 12:40:02', ['AI16Z', 'AIXBT', 'AKUMA', 'ENA', 'FARTCOIN', 'GEAR', 'HAPPY', 'HYPE', 'ONDO', 'PENGU', 'SOL', 'SUI', 'VANA', 'VIRTUAL', 'XRP'], ['GEAR', 'SOL'])
('2024-12-18 12:50:02', ['AI16Z', 'AIXBT', 'AKUMA', 'ENA', 'ETH', 'FARTCOIN', 'GEAR', 'HAPPY', 'HYPE', 'ONDO', 'PENGU', 'SOL', 'SUI', 'VANA', 'VIRTUAL'], ['ETH'])
('2024-12-18 13:00:01', ['AI16Z', 'AIXBT', 'AKUMA', 'ETH', 'FARTCOIN', 'GEAR', 'HAPPY', 'HYPE', 'ONDO', 'PATRIOT', 'PENGU', 'SOL', 'SUI', 'VANA', 'VIRTUAL'], ['PATRIOT'])
('2024-12-18 13:10:02', ['AI16Z', 'AIXBT', 'AKUMA', 'FARTCOIN', 'GEAR', 'HAPPY', 'HYPE', 'ONDO', 'PATRIOT', 'PENGU', 'RBNT', 'SOL', 'USUAL', 'VANA', 'VIRTUAL'], ['RBNT', 'USUAL'])
('2024-12-18 13:20:01', ['AI16Z', 'AIXBT', 'AKUMA', 'ETH', 'FARTCOIN', 'GEAR', 'HAPPY', 'HYPE', 'ONDO', 'PATRIOT', 'PENGU', 'RBNT', 'SOL', 'USUAL', 'VIRTUAL'], ['ETH'])
('2024-12-18 13:30:02', ['AI16Z', 'AIXBT', 'AKUMA', 'BTC', 'ETH', 'FARTCOIN', 'HAPPY', 'HYPE', 'ONDO', 'PATRIOT', 'PENGU', 'SOL', 'USUAL', 'VIRTUAL', 'XRP'], ['BTC', 'XRP'])
('2024-12-18 13:50:02', ['AI16Z', 'AIXBT', 'AKUMA', 'BTC', 'ENA', 'ETH', 'FARTCOIN', 'HAPPY', 'HYPE', 'ONDO', 'PATRIOT', 'PENGU', 'SOL', 'USUAL', 'VIRTUAL'], ['ENA'])
('2024-12-18 14:00:01', ['AIXBT', 'AKUMA', 'ENA', 'ETH', 'FARTCOIN', 'HAPPY', 'HYPE', 'ONDO', 'PATRIOT', 'PENGU', 'SOL', 'USUAL', 'VANA', 'VIRTUAL', 'XRP'], ['VANA', 'XRP'])
('2024-12-18 14:10:02', ['AIXBT', 'AKUMA', 'ENA', 'ETH', 'FARTCOIN', 'HAPPY', 'HYPE', 'ONDO', 'PATRIOT', 'PENGU', 'SOL', 'SUI', 'USUAL', 'VANA', 'VIRTUAL'], ['SUI'])
('2024-12-18 14:40:01', ['AIXBT', 'AKUMA', 'FARTCOIN', 'FTM', 'HAPPY', 'HYPE', 'KAS', 'ONDO', 'PATRIOT', 'PENGU', 'SOL', 'SUI', 'USUAL', 'VANA', 'VIRTUAL'], ['FTM', 'KAS'])
('2024-12-18 15:10:02', ['AIXBT', 'AKUMA', 'ETH', 'FARTCOIN', 'FTM', 'HAPPY', 'HYPE', 'ONDO', 'PATRIOT', 'PENGU', 'RBNT', 'SOL', 'SUI', 'USUAL', 'VIRTUAL'], ['ETH', 'RBNT'])
('2024-12-18 15:30:02', ['AIXBT', 'AKUMA', 'BEAM', 'ETH', 'FARTCOIN', 'FTM', 'HAPPY', 'HYPE', 'ONDO', 'PATRIOT', 'PENGU', 'SOL', 'SUI', 'USUAL', 'VIRTUAL'], ['BEAM'])
('2024-12-18 15:40:01', ['AKUMA', 'BEAM', 'ETH', 'FARTCOIN', 'FTM', 'HAPPY', 'HYPE', 'ONDO', 'PATRIOT', 'PENGU', 'RBNT', 'SOL', 'SUI', 'USUAL', 'VIRTUAL'], ['RBNT'])
('2024-12-18 15:50:02', ['AIXBT', 'AKUMA', 'BEAM', 'ETH', 'FARTCOIN', 'FTM', 'HAPPY', 'HYPE', 'ONDO', 'PATRIOT', 'PENGU', 'SOL', 'SUI', 'USUAL', 'VIRTUAL'], ['AIXBT'])
('2024-12-18 16:00:01', ['AKUMA', 'BEAM', 'ETH', 'FARTCOIN', 'FTM', 'HAPPY', 'HYPE', 'ONDO', 'PATRIOT', 'PENGU', 'SOL', 'SUI', 'USUAL', 'VANA', 'VIRTUAL'], ['VANA'])
('2024-12-18 16:20:01', ['AKUMA', 'BEAM', 'ENA', 'ETH', 'FARTCOIN', 'FTM', 'HAPPY', 'HYPE', 'ONDO', 'PATRIOT', 'PENGU', 'SOL', 'SUI', 'USUAL', 'VIRTUAL'], ['ENA'])
('2024-12-18 16:30:02', ['AKUMA', 'BEAM', 'ENA', 'ETH', 'FARTCOIN', 'FTM', 'HAPPY', 'HYPE', 'ONDO', 'PATRIOT', 'PENGU', 'SOL', 'USUAL', 'VANA', 'VIRTUAL'], ['VANA'])
('2024-12-18 16:40:01', ['AKUMA', 'BEAM', 'ENA', 'ETH', 'FARTCOIN', 'FTM', 'HAPPY', 'HYPE', 'MORPHO', 'ONDO', 'PATRIOT', 'PENGU', 'SOL', 'USUAL', 'VIRTUAL'], ['MORPHO'])
('2024-12-18 16:50:02', ['AKUMA', 'BEAM', 'ENA', 'FARTCOIN', 'FTM', 'HAPPY', 'HYPE', 'MORPHO', 'ONDO', 'PATRIOT', 'PENGU', 'SOL', 'SUI', 'USUAL', 'VIRTUAL'], ['SUI'])
('2024-12-18 17:10:02', ['AKUMA', 'BEAM', 'ENA', 'FARTCOIN', 'FTM', 'HAPPY', 'HYPE', 'MORPHO', 'PATRIOT', 'PENGU', 'SOL', 'SUI', 'USUAL', 'VIRTUAL', 'XRP'], ['XRP'])
('2024-12-18 17:20:01', ['AKUMA', 'BEAM', 'ENA', 'FARTCOIN', 'FTM', 'HAPPY', 'HYPE', 'MORPHO', 'ONDO', 'PATRIOT', 'PENGU', 'SOL', 'USUAL', 'VIRTUAL', 'XRP'], ['ONDO'])
('2024-12-18 17:30:02', ['AKUMA', 'BEAM', 'ENA', 'FARTCOIN', 'FTM', 'HAPPY', 'HYPE', 'MORPHO', 'ONDO', 'PATRIOT', 'PENGU', 'SOL', 'SUI', 'USUAL', 'VIRTUAL'], ['SUI'])
('2024-12-18 17:40:01', ['AKUMA', 'BEAM', 'ENA', 'ETH', 'FARTCOIN', 'FTM', 'HAPPY', 'HYPE', 'MORPHO', 'PATRIOT', 'PENGU', 'SOL', 'SUI', 'USUAL', 'VIRTUAL'], ['ETH'])
('2024-12-18 17:50:02', ['AKUMA', 'ENA', 'ETH', 'FARTCOIN', 'FTM', 'HAPPY', 'HYPE', 'ONDO', 'PATRIOT', 'PENGU', 'RBNT', 'SOL', 'SUI', 'USUAL', 'VIRTUAL'], ['ONDO', 'RBNT'])
('2024-12-18 18:00:01', ['AKUMA', 'ENA', 'FARTCOIN', 'FTM', 'HAPPY', 'HYPE', 'ONDO', 'PATRIOT', 'PENGU', 'RBNT', 'SOL', 'SUI', 'USUAL', 'VIRTUAL', 'XRP'], ['XRP'])
('2024-12-18 18:10:02', ['AKUMA', 'ENA', 'ETH', 'FARTCOIN', 'FTM', 'HAPPY', 'HYPE', 'ONDO', 'PATRIOT', 'PENGU', 'RBNT', 'SOL', 'SUI', 'USUAL', 'VIRTUAL'], ['ETH'])
('2024-12-18 18:20:01', ['AKUMA', 'ENA', 'FARTCOIN', 'FTM', 'HAPPY', 'HYPE', 'ONDO', 'PATRIOT', 'PENGU', 'PEPE', 'RBNT', 'SOL', 'SUI', 'USUAL', 'VIRTUAL'], ['PEPE'])
('2024-12-18 18:30:02', ['AKUMA', 'ENA', 'FARTCOIN', 'FTM', 'HAPPY', 'HYPE', 'ONDO', 'PATRIOT', 'PENGU', 'RBNT', 'SOL', 'SUI', 'TIA', 'USUAL', 'VIRTUAL'], ['TIA'])
('2024-12-18 19:50:02', ['AKUMA', 'ENA', 'ETH', 'FARTCOIN', 'FTM', 'HAPPY', 'HYPE', 'ONDO', 'PATRIOT', 'PENGU', 'RBNT', 'SOL', 'SUI', 'USUAL', 'VIRTUAL'], ['ETH'])
('2024-12-18 20:00:01', ['AKUMA', 'BTC', 'ENA', 'FARTCOIN', 'FTM', 'HAPPY', 'HYPE', 'PATRIOT', 'PENGU', 'RBNT', 'SOL', 'SUI', 'USUAL', 'VIRTUAL', 'XRP'], ['BTC', 'XRP'])
('2024-12-18 20:20:01', ['AKUMA', 'BTC', 'ENA', 'ETH', 'FARTCOIN', 'FTM', 'HAPPY', 'HYPE', 'PATRIOT', 'PENGU', 'RBNT', 'SOL', 'USUAL', 'VIRTUAL', 'XRP'], ['ETH'])
('2024-12-18 20:40:01', ['AKUMA', 'BTC', 'ENA', 'ETH', 'FARTCOIN', 'FTM', 'HYPE', 'PATRIOT', 'PENGU', 'RBNT', 'SOL', 'SUI', 'TIA', 'USUAL', 'VIRTUAL'], ['SUI', 'TIA'])
('2024-12-18 20:50:02', ['AKUMA', 'BTC', 'ENA', 'ETH', 'FARTCOIN', 'FTM', 'HAPPY', 'HYPE', 'PATRIOT', 'PENGU', 'RBNT', 'SOL', 'SUI', 'USUAL', 'VIRTUAL'], ['HAPPY'])
('2024-12-18 21:00:01', ['AKUMA', 'BTC', 'ENA', 'ETH', 'FARTCOIN', 'FTM', 'HYPE', 'PATRIOT', 'PENGU', 'RBNT', 'SOL', 'SUI', 'USUAL', 'VIRTUAL', 'XRP'], ['XRP'])
('2024-12-18 21:10:02', ['AKUMA', 'BTC', 'ENA', 'FARTCOIN', 'FTM', 'HAPPY', 'HYPE', 'PATRIOT', 'PENGU', 'RBNT', 'SOL', 'SUI', 'USUAL', 'VIRTUAL', 'XRP'], ['HAPPY'])
('2024-12-18 22:30:02', ['AKUMA', 'BTC', 'ENA', 'ETH', 'FARTCOIN', 'FTM', 'HAPPY', 'HYPE', 'PATRIOT', 'PENGU', 'SOL', 'SUI', 'USUAL', 'VIRTUAL', 'XRP'], ['ETH'])
('2024-12-18 22:40:02', ['AKUMA', 'BTC', 'ENA', 'FARTCOIN', 'FTM', 'HAPPY', 'HYPE', 'ONDO', 'PATRIOT', 'PENGU', 'SOL', 'SUI', 'USUAL', 'VIRTUAL', 'XRP'], ['ONDO'])
('2024-12-18 22:50:01', ['AKUMA', 'BTC', 'ENA', 'ETH', 'FARTCOIN', 'FTM', 'HYPE', 'ONDO', 'PATRIOT', 'PENGU', 'SOL', 'SUI', 'USUAL', 'VIRTUAL', 'XRP'], ['ETH'])
('2024-12-18 23:10:01', ['AKUMA', 'BTC', 'ENA', 'ETH', 'FARTCOIN', 'FTM', 'HYPE', 'ONDO', 'PATRIOT', 'PENGU', 'RBNT', 'SOL', 'SUI', 'USUAL', 'VIRTUAL'], ['RBNT'])
('2024-12-18 23:20:01', ['AKUMA', 'BTC', 'ENA', 'FARTCOIN', 'FTM', 'HYPE', 'ONDO', 'PATRIOT', 'PENGU', 'RBNT', 'SOL', 'SUI', 'USUAL', 'VIRTUAL', 'XRP'], ['XRP'])
('2024-12-18 23:40:01', ['AKUMA', 'BTC', 'ENA', 'ETH', 'FARTCOIN', 'FTM', 'HYPE', 'ONDO', 'PATRIOT', 'PENGU', 'RBNT', 'SOL', 'SUI', 'USUAL', 'VIRTUAL'], ['ETH'])
('2024-12-18 23:50:02', ['AAVE', 'AKUMA', 'BTC', 'ENA', 'ETH', 'FARTCOIN', 'FTM', 'HYPE', 'ONDO', 'PATRIOT', 'PENGU', 'RBNT', 'SOL', 'USUAL', 'VIRTUAL'], ['AAVE'])
('2024-12-19 00:10:02', ['AKUMA', 'BTC', 'ENA', 'ETH', 'FARTCOIN', 'FTM', 'HYPE', 'ONDO', 'PATRIOT', 'PENGU', 'RBNT', 'SOL', 'SUI', 'USUAL', 'VIRTUAL'], ['SUI'])
('2024-12-19 00:30:02', ['AKUMA', 'BTC', 'ENA', 'ETH', 'FARTCOIN', 'HYPE', 'ONDO', 'PATRIOT', 'PENGU', 'POPCAT', 'RBNT', 'SOL', 'SUI', 'USUAL', 'VIRTUAL'], ['POPCAT'])
('2024-12-19 01:10:02', ['AKUMA', 'BTC', 'ENA', 'ETH', 'FARTCOIN', 'HAPPY', 'HYPE', 'ONDO', 'PATRIOT', 'PENGU', 'RBNT', 'SOL', 'SUI', 'USUAL', 'VIRTUAL'], ['HAPPY'])
('2024-12-19 01:20:01', ['AKUMA', 'BTC', 'ENA', 'ETH', 'FARTCOIN', 'HYPE', 'ONDO', 'PATRIOT', 'PENGU', 'RBNT', 'SOL', 'SUI', 'USUAL', 'VIRTUAL', 'XRP'], ['XRP'])
('2024-12-19 01:30:02', ['AKUMA', 'BTC', 'ENA', 'ETH', 'FARTCOIN', 'HYPE', 'LINK', 'ONDO', 'PATRIOT', 'PENGU', 'RBNT', 'SOL', 'SUI', 'USUAL', 'VIRTUAL'], ['LINK'])
('2024-12-19 01:40:01', ['AKUMA', 'ENA', 'ETH', 'FARTCOIN', 'FTM', 'HYPE', 'ONDO', 'PATRIOT', 'PENGU', 'RBNT', 'SOL', 'SUI', 'USUAL', 'VIRTUAL', 'XRP'], ['FTM', 'XRP'])
('2024-12-19 01:50:02', ['AKUMA', 'ENA', 'ETH', 'FARTCOIN', 'FTM', 'HYPE', 'ONDO', 'PATRIOT', 'PENGU', 'PEPE', 'RBNT', 'SOL', 'SUI', 'USUAL', 'VIRTUAL'], ['PEPE'])
('2024-12-19 02:20:01', ['AKUMA', 'ENA', 'ETH', 'FARTCOIN', 'FTM', 'HYPE', 'ONDO', 'PATRIOT', 'PENGU', 'RBNT', 'SOL', 'SUI', 'USUAL', 'VIRTUAL', 'XRP'], ['XRP'])
('2024-12-19 02:30:02', ['AKUMA', 'ENA', 'ETH', 'FARTCOIN', 'FTM', 'HYPE', 'PATRIOT', 'PENGU', 'PEPE', 'RBNT', 'SOL', 'SUI', 'USUAL', 'VIRTUAL', 'XRP'], ['PEPE'])
('2024-12-19 02:40:01', ['AKUMA', 'BTC', 'ENA', 'ETH', 'FARTCOIN', 'HYPE', 'PATRIOT', 'PENGU', 'PEPE', 'RBNT', 'SOL', 'SUI', 'USUAL', 'VIRTUAL', 'XRP'], ['BTC'])
('2024-12-19 03:20:01', ['AKUMA', 'BTC', 'ENA', 'ETH', 'FARTCOIN', 'FTM', 'HYPE', 'PATRIOT', 'PENGU', 'PEPE', 'RBNT', 'SOL', 'USUAL', 'VIRTUAL', 'XRP'], ['FTM'])
('2024-12-19 03:30:01', ['AKUMA', 'BTC', 'ENA', 'ETH', 'FARTCOIN', 'FTM', 'HYPE', 'PATRIOT', 'PENGU', 'PEPE', 'SOL', 'SUI', 'USUAL', 'VIRTUAL', 'XRP'], ['SUI'])
('2024-12-19 04:00:02', ['BEAM', 'BTC', 'ENA', 'ETH', 'FARTCOIN', 'FTM', 'HYPE', 'PATRIOT', 'PENGU', 'PEPE', 'SOL', 'SUI', 'USUAL', 'VIRTUAL', 'XRP'], ['BEAM'])
('2024-12-19 04:30:01', ['BTC', 'ENA', 'ETH', 'FARTCOIN', 'HYPE', 'ONDO', 'PATRIOT', 'PENGU', 'PEPE', 'RBNT', 'SOL', 'SUI', 'USUAL', 'VIRTUAL', 'XRP'], ['ONDO', 'RBNT'])
('2024-12-19 04:50:01', ['BTC', 'ENA', 'ETH', 'FARTCOIN', 'HBAR', 'HYPE', 'ONDO', 'PATRIOT', 'PENGU', 'RBNT', 'SOL', 'SUI', 'USUAL', 'VIRTUAL', 'XRP'], ['HBAR'])
('2024-12-19 05:00:01', ['ENA', 'ETH', 'FARTCOIN', 'HYPE', 'MOVE', 'ONDO', 'PATRIOT', 'PENGU', 'PEPE', 'SOL', 'SUI', 'USUAL', 'VANA', 'VIRTUAL', 'XRP'], ['MOVE', 'PEPE', 'VANA'])
('2024-12-19 05:10:02', ['AAVE', 'ENA', 'ETH', 'FARTCOIN', 'HYPE', 'MOVE', 'ONDO', 'PATRIOT', 'PENGU', 'SOL', 'SUI', 'USUAL', 'VANA', 'VIRTUAL', 'XRP'], ['AAVE'])
('2024-12-19 05:20:01', ['AAVE', 'ENA', 'ETH', 'FARTCOIN', 'HYPE', 'MOVE', 'ONDO', 'PATRIOT', 'PENGU', 'RBNT', 'SOL', 'SUI', 'USUAL', 'VANA', 'VIRTUAL'], ['RBNT'])
('2024-12-19 05:30:02', ['AI16Z', 'ENA', 'ETH', 'FARTCOIN', 'HYPE', 'MOVE', 'ONDO', 'PATRIOT', 'PENGU', 'RBNT', 'SOL', 'SUI', 'USUAL', 'VANA', 'VIRTUAL'], ['AI16Z'])
('2024-12-19 05:40:01', ['ENA', 'ETH', 'FARTCOIN', 'HYPE', 'ME', 'MOVE', 'ONDO', 'PATRIOT', 'PENGU', 'RBNT', 'SOL', 'SUI', 'USUAL', 'VANA', 'VIRTUAL'], ['ME'])
('2024-12-19 05:50:02', ['ENA', 'ETH', 'FARTCOIN', 'HYPE', 'ME', 'ONDO', 'PATRIOT', 'PENGU', 'RBNT', 'SOL', 'SUI', 'SUPRA', 'USUAL', 'VANA', 'VIRTUAL'], ['SUPRA'])
('2024-12-19 06:00:01', ['AERO', 'ENA', 'ETH', 'FARTCOIN', 'HAPPY', 'HYPE', 'ONDO', 'PATRIOT', 'PENGU', 'RBNT', 'SOL', 'SUI', 'USUAL', 'VANA', 'XRP'], ['AERO', 'HAPPY', 'XRP'])
('2024-12-19 06:10:02', ['ENA', 'ETH', 'FARTCOIN', 'HAPPY', 'HYPE', 'ONDO', 'PATRIOT', 'PENGU', 'RBNT', 'SOL', 'SUI', 'USUAL', 'VANA', 'VIRTUAL', 'XRP'], ['VIRTUAL'])
('2024-12-19 06:30:02', ['ENA', 'ETH', 'FARTCOIN', 'HAPPY', 'HYPE', 'LINK', 'ONDO', 'PATRIOT', 'PENGU', 'RBNT', 'SOL', 'SUI', 'USUAL', 'VANA', 'VIRTUAL'], ['LINK'])
('2024-12-19 06:40:01', ['ENA', 'ETH', 'FARTCOIN', 'HAPPY', 'HYPE', 'ONDO', 'PATRIOT', 'PENGU', 'RBNT', 'SOL', 'SUI', 'USUAL', 'VANA', 'VIRTUAL', 'XRP'], ['XRP'])
('2024-12-19 07:00:01', ['AIXBT', 'ENA', 'ETH', 'FARTCOIN', 'HAPPY', 'HYPE', 'ONDO', 'PATRIOT', 'PENGU', 'RBNT', 'SOL', 'SUI', 'USUAL', 'VANA', 'VIRTUAL'], ['AIXBT'])
('2024-12-19 07:10:01', ['AIXBT', 'ENA', 'FARTCOIN', 'HAPPY', 'HYPE', 'ONDO', 'PATRIOT', 'PENGU', 'RBNT', 'SOL', 'SUI', 'USUAL', 'VANA', 'VIRTUAL', 'XRP'], ['XRP'])
('2024-12-19 07:20:02', ['ENA', 'ETH', 'FARTCOIN', 'HAPPY', 'HYPE', 'ONDO', 'PATRIOT', 'PENGU', 'PEPE', 'RBNT', 'SOL', 'SUI', 'USUAL', 'VANA', 'VIRTUAL'], ['ETH', 'PEPE'])
('2024-12-19 07:30:01', ['BTC', 'ENA', 'ETH', 'FARTCOIN', 'HAPPY', 'HYPE', 'ONDO', 'PATRIOT', 'PENGU', 'PEPE', 'RBNT', 'SOL', 'SUI', 'USUAL', 'VIRTUAL'], ['BTC'])
('2024-12-19 07:40:02', ['BGB', 'ENA', 'ETH', 'FARTCOIN', 'HAPPY', 'HYPE', 'ONDO', 'PATRIOT', 'PENGU', 'PEPE', 'RBNT', 'SOL', 'SUI', 'USUAL', 'VIRTUAL'], ['BGB'])
('2024-12-19 07:50:01', ['BGB', 'ENA', 'ETH', 'FARTCOIN', 'HAPPY', 'HYPE', 'ONDO', 'PATRIOT', 'PENGU', 'PEPE', 'RBNT', 'SOL', 'SUI', 'USUAL', 'XRP'], ['XRP'])
('2024-12-19 08:00:01', ['BGB', 'ENA', 'ETH', 'FARTCOIN', 'HAPPY', 'HYPE', 'ONDO', 'PATRIOT', 'PENGU', 'PEPE', 'RBNT', 'SOL', 'SUI', 'USUAL', 'VIRTUAL'], ['VIRTUAL'])
('2024-12-19 08:10:01', ['BGB', 'ENA', 'ETH', 'FARTCOIN', 'HAPPY', 'HYPE', 'ME', 'ONDO', 'PATRIOT', 'PENGU', 'PEPE', 'RBNT', 'SOL', 'SUI', 'USUAL'], ['ME'])
('2024-12-19 08:20:01', ['AIXBT', 'BGB', 'ENA', 'ETH', 'FARTCOIN', 'FTM', 'HYPE', 'ONDO', 'PATRIOT', 'PENGU', 'PEPE', 'RBNT', 'SOL', 'SUI', 'USUAL'], ['AIXBT', 'FTM'])
('2024-12-19 08:30:02', ['BGB', 'ENA', 'ETH', 'FARTCOIN', 'FTM', 'HYPE', 'ONDO', 'PATRIOT', 'PENGU', 'PEPE', 'RBNT', 'SOL', 'SUI', 'USUAL', 'VIRTUAL'], ['VIRTUAL'])
('2024-12-19 08:40:01', ['ENA', 'ETH', 'FARTCOIN', 'FTM', 'HYPE', 'ONDO', 'PATRIOT', 'PENGU', 'PEPE', 'RBNT', 'SOL', 'SUI', 'USUAL', 'VIRTUAL', 'XRP'], ['XRP'])
('2024-12-19 08:50:02', ['ENA', 'ETH', 'FARTCOIN', 'FTM', 'HYPE', 'LYX', 'ONDO', 'PATRIOT', 'PENGU', 'RBNT', 'SOL', 'SUI', 'USUAL', 'VIRTUAL', 'XRP'], ['LYX'])
('2024-12-19 09:10:01', ['ENA', 'ETH', 'FARTCOIN', 'FTM', 'HYPE', 'LYX', 'MORPHO', 'ONDO', 'PATRIOT', 'PENGU', 'RBNT', 'SOL', 'SUI', 'USUAL', 'VIRTUAL'], ['MORPHO'])
('2024-12-19 09:20:01', ['ENA', 'ETH', 'FARTCOIN', 'HAPPY', 'HYPE', 'LYX', 'MORPHO', 'ONDO', 'PATRIOT', 'PENGU', 'PEPE', 'RBNT', 'SOL', 'SUI', 'USUAL'], ['HAPPY', 'PEPE'])
('2024-12-19 09:30:01', ['ENA', 'ETH', 'FARTCOIN', 'HAPPY', 'HYPE', 'LYX', 'ONDO', 'PATRIOT', 'PENGU', 'PEPE', 'RBNT', 'SOL', 'SUI', 'USUAL', 'VIRTUAL'], ['VIRTUAL'])
('2024-12-19 10:00:02', ['AKUMA', 'ENA', 'ETH', 'FARTCOIN', 'HAPPY', 'HYPE', 'LYX', 'ONDO', 'PATRIOT', 'PENGU', 'PEPE', 'RBNT', 'SOL', 'USUAL', 'VIRTUAL'], ['AKUMA'])
('2024-12-19 10:10:01', ['AKUMA', 'ENA', 'ETH', 'FARTCOIN', 'FTM', 'HAPPY', 'HYPE', 'LYX', 'ONDO', 'PATRIOT', 'PENGU', 'RBNT', 'SOL', 'USUAL', 'VIRTUAL'], ['FTM'])
('2024-12-19 10:20:02', ['AKUMA', 'ENA', 'ETH', 'FARTCOIN', 'FTM', 'FUEL', 'HAPPY', 'HYPE', 'LYX', 'PATRIOT', 'PENGU', 'RBNT', 'SOL', 'USUAL', 'VIRTUAL'], ['FUEL'])
('2024-12-19 10:30:01', ['AKUMA', 'ENA', 'ETH', 'FARTCOIN', 'FTM', 'FUEL', 'HYPE', 'LYX', 'ONDO', 'PATRIOT', 'PENGU', 'RBNT', 'SOL', 'USUAL', 'VIRTUAL'], ['ONDO'])
('2024-12-19 10:40:01', ['AKUMA', 'DEAI', 'ENA', 'ETH', 'FARTCOIN', 'FUEL', 'HYPE', 'LYX', 'ONDO', 'PATRIOT', 'PENGU', 'RBNT', 'SOL', 'USUAL', 'XRP'], ['DEAI', 'XRP'])
('2024-12-19 10:50:02', ['AKUMA', 'DEAI', 'ENA', 'ETH', 'FARTCOIN', 'FUEL', 'HYPE', 'LYX', 'ONDO', 'PATRIOT', 'PENGU', 'RBNT', 'SOL', 'USUAL', 'VIRTUAL'], ['VIRTUAL'])
('2024-12-19 11:20:01', ['AKUMA', 'DEAI', 'ENA', 'ETH', 'FARTCOIN', 'FTM', 'FUEL', 'HYPE', 'LYX', 'PATRIOT', 'PENGU', 'RBNT', 'SOL', 'USUAL', 'VIRTUAL'], ['FTM'])
('2024-12-19 11:30:02', ['AKUMA', 'BTC', 'ENA', 'ETH', 'FARTCOIN', 'FUEL', 'HAPPY', 'HYPE', 'LYX', 'PATRIOT', 'PENGU', 'SOL', 'SUI', 'USUAL', 'VIRTUAL'], ['BTC', 'HAPPY', 'SUI'])
('2024-12-19 11:40:01', ['AKUMA', 'DEAI', 'ENA', 'ETH', 'FARTCOIN', 'FTM', 'FUEL', 'HYPE', 'LYX', 'PATRIOT', 'PENGU', 'SOL', 'SUI', 'USUAL', 'VIRTUAL'], ['DEAI', 'FTM'])
('2024-12-19 12:00:01', ['AKUMA', 'DEAI', 'ENA', 'ETH', 'FARTCOIN', 'FTM', 'FUEL', 'HYPE', 'LYX', 'PENGU', 'SOL', 'SUI', 'SUPRA', 'USUAL', 'VIRTUAL'], ['SUPRA'])
('2024-12-19 12:10:02', ['AKUMA', 'BTC', 'ENA', 'ETH', 'FARTCOIN', 'FTM', 'FUEL', 'HYPE', 'LYX', 'PENGU', 'SOL', 'SUI', 'SUPRA', 'USUAL', 'VIRTUAL'], ['BTC'])
('2024-12-19 12:20:01', ['AKUMA', 'BTC', 'ENA', 'ETH', 'FARTCOIN', 'FTM', 'FUEL', 'HYPE', 'LYX', 'PENGU', 'SEI', 'SOL', 'SUI', 'USUAL', 'VIRTUAL'], ['SEI'])
('2024-12-19 12:30:02', ['AKUMA', 'BEAM', 'ENA', 'ETH', 'FARTCOIN', 'FTM', 'FUEL', 'HYPE', 'LYX', 'PENGU', 'RBNT', 'SOL', 'SUI', 'USUAL', 'VIRTUAL'], ['BEAM', 'RBNT'])
('2024-12-19 13:00:01', ['AKUMA', 'BEAM', 'ENA', 'ETH', 'FARTCOIN', 'FTM', 'FUEL', 'HYPE', 'LYX', 'PENGU', 'SOL', 'SUI', 'TURBO', 'USUAL', 'VIRTUAL'], ['TURBO'])
('2024-12-19 13:10:01', ['AKUMA', 'ENA', 'ETH', 'FARTCOIN', 'FTM', 'FUEL', 'HYPE', 'LYX', 'PENGU', 'SOL', 'SUI', 'TURBO', 'USUAL', 'VIRTUAL', 'XRP'], ['XRP'])
('2024-12-19 13:20:02', ['AKUMA', 'ENA', 'ETH', 'FARTCOIN', 'FTM', 'FUEL', 'HYPE', 'LYX', 'MOVE', 'PENGU', 'SOL', 'SUI', 'TURBO', 'USUAL', 'VIRTUAL'], ['MOVE'])
('2024-12-19 13:30:01', ['AKUMA', 'ENA', 'ETH', 'FARTCOIN', 'FTM', 'FUEL', 'HYPE', 'LYX', 'PENGU', 'SOL', 'SUI', 'TURBO', 'USUAL', 'VIRTUAL', 'XRP'], ['XRP'])
('2024-12-19 13:50:01', ['AKUMA', 'ENA', 'ETH', 'FARTCOIN', 'FTM', 'FUEL', 'HYPE', 'LYX', 'ONDO', 'PENGU', 'SOL', 'SUI', 'TURBO', 'USUAL', 'VIRTUAL'], ['ONDO'])
('2024-12-19 14:10:01', ['AKUMA', 'DEAI', 'FARTCOIN', 'FTM', 'FUEL', 'HYPE', 'LYX', 'ONDO', 'PENGU', 'PROPC', 'SOL', 'SUI', 'TURBO', 'USUAL', 'VIRTUAL'], ['DEAI', 'PROPC'])
('2024-12-19 14:30:01', ['AKUMA', 'DEAI', 'ENA', 'FARTCOIN', 'FUEL', 'HYPE', 'LYX', 'ONDO', 'PENGU', 'PROPC', 'SOL', 'SUI', 'TURBO', 'USUAL', 'VIRTUAL'], ['ENA'])
('2024-12-19 14:50:01', ['AKUMA', 'DEAI', 'ETH', 'FARTCOIN', 'FUEL', 'HYPE', 'LYX', 'ONDO', 'PENGU', 'PROPC', 'SOL', 'SUI', 'TURBO', 'USUAL', 'VIRTUAL'], ['ETH'])
('2024-12-19 15:00:01', ['AKUMA', 'DEAI', 'ENA', 'FARTCOIN', 'FUEL', 'HYPE', 'LYX', 'ONDO', 'PENGU', 'PROPC', 'SOL', 'SUI', 'TURBO', 'USUAL', 'VIRTUAL'], ['ENA'])
('2024-12-19 15:10:02', ['AERO', 'AKUMA', 'DEAI', 'ENA', 'FARTCOIN', 'FUEL', 'HYPE', 'LYX', 'ONDO', 'PENGU', 'PROPC', 'SOL', 'SUI', 'USUAL', 'VIRTUAL'], ['AERO'])
('2024-12-19 15:20:01', ['AI16Z', 'AKUMA', 'DEAI', 'ENA', 'FARTCOIN', 'FUEL', 'HYPE', 'LYX', 'ONDO', 'PENGU', 'PROPC', 'SOL', 'SUI', 'USUAL', 'VIRTUAL'], ['AI16Z'])
('2024-12-19 15:30:02', ['AERO', 'AKUMA', 'ENA', 'ETH', 'FARTCOIN', 'FUEL', 'HYPE', 'LYX', 'ONDO', 'PENGU', 'PROPC', 'SOL', 'SUI', 'USUAL', 'VIRTUAL'], ['AERO', 'ETH'])
('2024-12-19 15:40:01', ['AKUMA', 'ENA', 'ETH', 'FARTCOIN', 'FUEL', 'HYPE', 'LYX', 'ONDO', 'PENGU', 'PROPC', 'RBNT', 'SOL', 'SUI', 'USUAL', 'VIRTUAL'], ['RBNT'])
('2024-12-19 16:10:02', ['AKUMA', 'BTC', 'ENA', 'ETH', 'FARTCOIN', 'FUEL', 'HYPE', 'LYX', 'ONDO', 'PENGU', 'PROPC', 'SOL', 'SUI', 'USUAL', 'VIRTUAL'], ['BTC'])
('2024-12-19 16:30:02', ['AKUMA', 'BTC', 'ENA', 'ETH', 'FARTCOIN', 'FUEL', 'HYPE', 'LYX', 'ONDO', 'PENGU', 'POPCAT', 'PROPC', 'SOL', 'USUAL', 'VIRTUAL'], ['POPCAT'])
('2024-12-19 16:40:01', ['AKUMA', 'BTC', 'ENA', 'ETH', 'FARTCOIN', 'FUEL', 'HYPE', 'LYX', 'ONDO', 'PENGU', 'PEPE', 'PROPC', 'SOL', 'USUAL', 'VIRTUAL'], ['PEPE'])
('2024-12-19 16:50:02', ['AKUMA', 'BTC', 'ENA', 'ETH', 'FARTCOIN', 'FUEL', 'HYPE', 'LYX', 'PENGU', 'POPCAT', 'PROPC', 'SOL', 'TAO', 'USUAL', 'VIRTUAL'], ['POPCAT', 'TAO'])
('2024-12-19 17:00:01', ['AKUMA', 'BTC', 'ENA', 'ETH', 'FARTCOIN', 'FUEL', 'HYPE', 'LYX', 'PENGU', 'POPCAT', 'PROPC', 'SOL', 'USUAL', 'VIRTUAL', 'XRP'], ['XRP'])
('2024-12-19 17:10:02', ['AKUMA', 'BTC', 'ENA', 'ETH', 'FARTCOIN', 'FUEL', 'HYPE', 'LYX', 'ONDO', 'PENGU', 'PROPC', 'SOL', 'SUI', 'USUAL', 'VIRTUAL'], ['ONDO', 'SUI'])
('2024-12-19 17:20:01', ['AKUMA', 'ENA', 'ETH', 'FARTCOIN', 'FUEL', 'HYPE', 'LYX', 'ONDO', 'PENGU', 'POPCAT', 'PROPC', 'SOL', 'SUI', 'USUAL', 'VIRTUAL'], ['POPCAT'])
('2024-12-19 18:00:01', ['AKUMA', 'BTC', 'ENA', 'ETH', 'FARTCOIN', 'FUEL', 'HYPE', 'LYX', 'ONDO', 'PENGU', 'PROPC', 'SOL', 'SUI', 'USUAL', 'VIRTUAL'], ['BTC'])
('2024-12-19 18:10:01', ['AKUMA', 'BTC', 'ENA', 'ETH', 'FARTCOIN', 'FUEL', 'HYPE', 'LYX', 'ONDO', 'PENGU', 'POPCAT', 'PROPC', 'SOL', 'USUAL', 'VIRTUAL'], ['POPCAT'])
('2024-12-19 18:30:01', ['AKUMA', 'BTC', 'ENA', 'ETH', 'FARTCOIN', 'FUEL', 'HYPE', 'LYX', 'ONDO', 'PENGU', 'PROPC', 'SOL', 'SUI', 'USUAL', 'VIRTUAL'], ['SUI'])
('2024-12-19 19:00:02', ['AKUMA', 'BTC', 'ENA', 'ETH', 'FARTCOIN', 'FUEL', 'HYPE', 'LYX', 'ONDO', 'PENGU', 'POPCAT', 'SOL', 'SUI', 'USUAL', 'VIRTUAL'], ['POPCAT'])
('2024-12-19 19:40:02', ['AKUMA', 'BTC', 'ENA', 'ETH', 'FARTCOIN', 'FUEL', 'HYPE', 'LYX', 'PENGU', 'PEPE', 'POPCAT', 'SOL', 'SUI', 'USUAL', 'VIRTUAL'], ['PEPE'])
('2024-12-19 19:50:01', ['AERO', 'AKUMA', 'BTC', 'ENA', 'ETH', 'FARTCOIN', 'FUEL', 'HYPE', 'LINK', 'LYX', 'PENGU', 'SOL', 'SUI', 'USUAL', 'VIRTUAL'], ['AERO', 'LINK'])
('2024-12-19 20:00:02', ['AKUMA', 'BTC', 'ENA', 'ETH', 'FARTCOIN', 'FUEL', 'HYPE', 'LINK', 'LYX', 'PENGU', 'SOL', 'SUI', 'USUAL', 'VIRTUAL', 'XRP'], ['XRP'])
('2024-12-19 20:10:01', ['AKUMA', 'BTC', 'ENA', 'ETH', 'FARTCOIN', 'FUEL', 'HYPE', 'LINK', 'LYX', 'PENGU', 'PROPC', 'SOL', 'SUI', 'USUAL', 'VIRTUAL'], ['PROPC'])
('2024-12-19 20:30:02', ['AKUMA', 'BTC', 'ENA', 'ETH', 'FARTCOIN', 'FUEL', 'HYPE', 'LYX', 'PENGU', 'PROPC', 'SOL', 'SUI', 'USUAL', 'VIRTUAL', 'XRP'], ['XRP'])
('2024-12-19 20:50:02', ['AKUMA', 'BTC', 'ENA', 'ETH', 'FARTCOIN', 'FUEL', 'HYPE', 'LYX', 'ONDO', 'PENGU', 'PROPC', 'SOL', 'SUI', 'USUAL', 'VIRTUAL'], ['ONDO'])
('2024-12-19 22:00:02', ['AKUMA', 'APT', 'BTC', 'ENA', 'ETH', 'FARTCOIN', 'FUEL', 'HYPE', 'LYX', 'PENGU', 'PROPC', 'SOL', 'SUI', 'USUAL', 'VIRTUAL'], ['APT'])
('2024-12-19 22:10:01', ['AKUMA', 'APT', 'BTC', 'ENA', 'FARTCOIN', 'FUEL', 'HYPE', 'LINK', 'LYX', 'PENGU', 'PROPC', 'SOL', 'SUI', 'USUAL', 'VIRTUAL'], ['LINK'])
('2024-12-19 22:20:02', ['AKUMA', 'APT', 'BONK', 'ENA', 'FARTCOIN', 'FUEL', 'HYPE', 'LINK', 'LYX', 'PENGU', 'PROPC', 'SOL', 'SUI', 'USUAL', 'VIRTUAL'], ['BONK'])
('2024-12-19 22:30:01', ['AKUMA', 'APT', 'BONK', 'BTC', 'ENA', 'FARTCOIN', 'FUEL', 'HYPE', 'LYX', 'PENGU', 'PROPC', 'SOL', 'SUI', 'USUAL', 'VIRTUAL'], ['BTC'])
('2024-12-19 22:40:02', ['AKUMA', 'BONK', 'BTC', 'ENA', 'FARTCOIN', 'FUEL', 'HYPE', 'LYX', 'PENGU', 'PEPE', 'PROPC', 'SOL', 'SUI', 'USUAL', 'VIRTUAL'], ['PEPE'])
('2024-12-19 23:20:01', ['AKUMA', 'ENA', 'FARTCOIN', 'FTM', 'FUEL', 'HYPE', 'LYX', 'PENGU', 'PEPE', 'PROPC', 'SOL', 'SUI', 'USUAL', 'VIRTUAL', 'XRP'], ['FTM', 'XRP'])
('2024-12-19 23:30:02', ['AKUMA', 'ENA', 'FARTCOIN', 'FUEL', 'HYPE', 'LYX', 'ONDO', 'PENGU', 'PEPE', 'PROPC', 'SOL', 'SUI', 'USUAL', 'VIRTUAL', 'XRP'], ['ONDO'])
('2024-12-19 23:40:01', ['AKUMA', 'BONK', 'BTC', 'ENA', 'FARTCOIN', 'FUEL', 'HYPE', 'LYX', 'PENGU', 'PROPC', 'SOL', 'SUI', 'USUAL', 'VIRTUAL', 'XRP'], ['BONK', 'BTC'])
('2024-12-19 23:50:01', ['AKUMA', 'BONK', 'BTC', 'ETH', 'FARTCOIN', 'FUEL', 'HYPE', 'LYX', 'ONDO', 'PENGU', 'PROPC', 'SOL', 'USUAL', 'VIRTUAL', 'XRP'], ['ETH', 'ONDO'])
('2024-12-20 00:00:01', ['AKUMA', 'BONK', 'BTC', 'ENA', 'ETH', 'FARTCOIN', 'FUEL', 'HYPE', 'LYX', 'ONDO', 'PENGU', 'PROPC', 'SOL', 'USUAL', 'XRP'], ['ENA'])
('2024-12-20 00:10:02', ['AKUMA', 'BTC', 'ENA', 'ETH', 'FARTCOIN', 'FUEL', 'HYPE', 'LYX', 'ONDO', 'PENGU', 'PROPC', 'SOL', 'SUI', 'USUAL', 'VIRTUAL'], ['SUI', 'VIRTUAL'])
('2024-12-20 00:20:01', ['AKUMA', 'BTC', 'ETH', 'FARTCOIN', 'FUEL', 'HYPE', 'LYX', 'ONDO', 'PENGU', 'PEPE', 'PROPC', 'SOL', 'SUI', 'USUAL', 'VIRTUAL'], ['PEPE'])
('2024-12-20 00:30:02', ['AKUMA', 'BTC', 'ENA', 'ETH', 'FARTCOIN', 'FUEL', 'HYPE', 'LYX', 'ONDO', 'PENGU', 'PROPC', 'SOL', 'SUI', 'USUAL', 'VIRTUAL'], ['ENA'])
('2024-12-20 00:40:01', ['AKUMA', 'ENA', 'ETH', 'FARTCOIN', 'FUEL', 'HYPE', 'LYX', 'ONDO', 'PENGU', 'PROPC', 'SOL', 'SUI', 'SUPRA', 'USUAL', 'VIRTUAL'], ['SUPRA'])
('2024-12-20 00:50:01', ['AKUMA', 'BTC', 'ENA', 'ETH', 'FARTCOIN', 'FUEL', 'HYPE', 'LYX', 'PENGU', 'PEPE', 'PROPC', 'SOL', 'SUI', 'USUAL', 'VIRTUAL'], ['BTC', 'PEPE'])
('2024-12-20 01:40:02', ['AKUMA', 'BTC', 'ENA', 'ETH', 'FARTCOIN', 'FTM', 'FUEL', 'HYPE', 'LYX', 'PENGU', 'PROPC', 'SOL', 'SUI', 'USUAL', 'VIRTUAL'], ['FTM'])
('2024-12-20 01:50:01', ['AKUMA', 'BTC', 'ENA', 'ETH', 'FARTCOIN', 'FUEL', 'HYPE', 'LYX', 'ME', 'MOVE', 'PENGU', 'PROPC', 'SOL', 'USUAL', 'VIRTUAL'], ['ME', 'MOVE'])
('2024-12-20 02:10:01', ['AKUMA', 'BTC', 'ENA', 'FARTCOIN', 'FUEL', 'HYPE', 'LYX', 'ME', 'PENGU', 'PEPE', 'PROPC', 'SOL', 'USUAL', 'VIRTUAL', 'XRP'], ['PEPE', 'XRP'])
('2024-12-20 02:20:02', ['AKUMA', 'BTC', 'ENA', 'ETH', 'FARTCOIN', 'FUEL', 'HYPE', 'LYX', 'ME', 'PENGU', 'PROPC', 'SOL', 'USUAL', 'VIRTUAL', 'XRP'], ['ETH'])
('2024-12-20 02:40:02', ['AKUMA', 'BTC', 'ETH', 'FARTCOIN', 'FUEL', 'HYPE', 'LYX', 'MOVE', 'PENGU', 'PEPE', 'PROPC', 'SOL', 'SUI', 'USUAL', 'ZEREBRO'], ['MOVE', 'PEPE', 'SUI', 'ZEREBRO'])
('2024-12-20 02:50:01', ['AKUMA', 'BTC', 'ETH', 'FARTCOIN', 'FUEL', 'HYPE', 'LYX', 'MOVE', 'PENGU', 'PEPE', 'PROPC', 'SOL', 'SUI', 'USUAL', 'XRP'], ['XRP'])
('2024-12-20 03:00:02', ['AI16Z', 'ETH', 'FARTCOIN', 'FUEL', 'HYPE', 'LYX', 'MOVE', 'PENGU', 'PEPE', 'PROPC', 'SOL', 'SUI', 'USUAL', 'XRP', 'ZEREBRO'], ['AI16Z', 'ZEREBRO'])
('2024-12-20 03:10:01', ['AI16Z', 'ETH', 'FARTCOIN', 'FUEL', 'HYPE', 'LYX', 'MOVE', 'PENGU', 'PEPE', 'PROPC', 'SOL', 'SUI', 'USUAL', 'VIRTUAL', 'XRP'], ['VIRTUAL'])
('2024-12-20 03:20:02', ['AI16Z', 'ETH', 'FARTCOIN', 'FUEL', 'HYPE', 'LYX', 'MOVE', 'PENGU', 'PEPE', 'PROPC', 'SOL', 'SUI', 'USUAL', 'VIRTUAL', 'ZEREBRO'], ['ZEREBRO'])
('2024-12-20 03:30:01', ['AERO', 'AI16Z', 'FARTCOIN', 'FUEL', 'HYPE', 'LYX', 'MOVE', 'PENGU', 'PEPE', 'PROPC', 'SOL', 'SUI', 'USUAL', 'VIRTUAL', 'ZEREBRO'], ['AERO'])
('2024-12-20 04:00:02', ['ETH', 'FARTCOIN', 'FUEL', 'GOAT', 'HYPE', 'LYX', 'MOVE', 'PENGU', 'PEPE', 'PROPC', 'SOL', 'SUI', 'USUAL', 'VIRTUAL', 'ZEREBRO'], ['ETH', 'GOAT'])
('2024-12-20 04:20:01', ['ENA', 'ETH', 'FARTCOIN', 'FUEL', 'HYPE', 'LYX', 'MOVE', 'PENGU', 'PEPE', 'PROPC', 'SOL', 'SUI', 'USUAL', 'VIRTUAL', 'ZEREBRO'], ['ENA'])
('2024-12-20 04:30:02', ['BTC', 'ENA', 'ETH', 'FARTCOIN', 'FUEL', 'HYPE', 'LYX', 'MOVE', 'PENGU', 'PROPC', 'SOL', 'SUI', 'USUAL', 'VIRTUAL', 'ZEREBRO'], ['BTC'])
('2024-12-20 04:40:01', ['BTC', 'ENA', 'ETH', 'FARTCOIN', 'FUEL', 'HYPE', 'LYX', 'MOVE', 'PENGU', 'PEPE', 'PROPC', 'SOL', 'SUI', 'USUAL', 'ZEREBRO'], ['PEPE'])
('2024-12-20 04:50:02', ['BTC', 'ENA', 'ETH', 'FARTCOIN', 'FUEL', 'HYPE', 'LYX', 'MOVE', 'ONDO', 'PENGU', 'PEPE', 'PROPC', 'SOL', 'SUI', 'USUAL'], ['ONDO'])
('2024-12-20 05:20:01', ['BTC', 'ENA', 'ETH', 'FARTCOIN', 'FTM', 'FUEL', 'HYPE', 'LYX', 'ONDO', 'PENGU', 'PEPE', 'PROPC', 'SOL', 'SUI', 'USUAL'], ['FTM'])
('2024-12-20 05:30:02', ['BTC', 'ENA', 'ETH', 'FARTCOIN', 'FTM', 'FUEL', 'HYPE', 'LYX', 'ONDO', 'PENGU', 'PROPC', 'SOL', 'SUI', 'USUAL', 'XRP'], ['XRP'])
('2024-12-20 05:40:01', ['BTC', 'ENA', 'ETH', 'FARTCOIN', 'FTM', 'FUEL', 'HYPE', 'LYX', 'MONKY', 'PENGU', 'PROPC', 'SOL', 'SUI', 'USUAL', 'XRP'], ['MONKY'])
('2024-12-20 05:50:01', ['BTC', 'ENA', 'ETH', 'FARTCOIN', 'FTM', 'FUEL', 'HYPE', 'LYX', 'PENGU', 'PROPC', 'SOL', 'SUI', 'USUAL', 'VIRTUAL', 'XRP'], ['VIRTUAL'])
('2024-12-20 06:20:02', ['AAVE', 'BTC', 'ENA', 'ETH', 'FARTCOIN', 'FUEL', 'HYPE', 'LYX', 'PENGU', 'PROPC', 'SOL', 'SUI', 'USUAL', 'VIRTUAL', 'XRP'], ['AAVE'])
('2024-12-20 06:30:01', ['BTC', 'DBR', 'ENA', 'ETH', 'FARTCOIN', 'FUEL', 'HYPE', 'LYX', 'PENGU', 'PROPC', 'SOL', 'SUI', 'USUAL', 'VIRTUAL', 'XRP'], ['DBR'])
('2024-12-20 06:40:02', ['AAVE', 'DBR', 'ENA', 'ETH', 'FARTCOIN', 'FUEL', 'HYPE', 'LYX', 'ONDO', 'PENGU', 'PROPC', 'SOL', 'SUI', 'USUAL', 'VIRTUAL'], ['AAVE', 'ONDO'])
('2024-12-20 06:50:01', ['DBR', 'ENA', 'ETH', 'FARTCOIN', 'FUEL', 'HYPE', 'LYX', 'ONDO', 'PENGU', 'PROPC', 'SOL', 'SUI', 'SUPRA', 'USUAL', 'VIRTUAL'], ['SUPRA'])
('2024-12-20 07:10:02', ['DBR', 'ENA', 'ETH', 'FARTCOIN', 'FTM', 'FUEL', 'HYPE', 'LYX', 'ONDO', 'PENGU', 'PROPC', 'SUI', 'SUPRA', 'USUAL', 'VIRTUAL'], ['FTM'])
('2024-12-20 07:30:02', ['BTC', 'ENA', 'ETH', 'FARTCOIN', 'FTM', 'FUEL', 'HYPE', 'LYX', 'MONKY', 'ONDO', 'PENGU', 'PROPC', 'SUI', 'USUAL', 'VIRTUAL'], ['BTC', 'MONKY'])
('2024-12-20 07:40:01', ['BTC', 'DOGE', 'ENA', 'ETH', 'FARTCOIN', 'FUEL', 'HYPE', 'LYX', 'ONDO', 'PENGU', 'PEPE', 'PROPC', 'SUI', 'USUAL', 'VIRTUAL'], ['DOGE', 'PEPE'])
('2024-12-20 07:50:02', ['DOGE', 'ENA', 'ETH', 'FARTCOIN', 'FUEL', 'HYPE', 'LYX', 'ONDO', 'PENGU', 'PEPE', 'PROPC', 'SOL', 'SUI', 'USUAL', 'VIRTUAL'], ['SOL'])
('2024-12-20 08:00:01', ['BTC', 'ENA', 'ETH', 'FARTCOIN', 'FUEL', 'HYPE', 'LYX', 'ONDO', 'PENGU', 'PEPE', 'PROPC', 'SOL', 'SUI', 'USUAL', 'VIRTUAL'], ['BTC'])
('2024-12-20 08:10:01', ['APT', 'BTC', 'ENA', 'FARTCOIN', 'FUEL', 'HYPE', 'LYX', 'MONKY', 'ONDO', 'PENGU', 'PEPE', 'PROPC', 'SOL', 'SUI', 'USUAL'], ['APT', 'MONKY'])
('2024-12-20 08:20:02', ['APT', 'BTC', 'DOGE', 'ENA', 'ETH', 'FARTCOIN', 'FUEL', 'HYPE', 'LYX', 'ONDO', 'PENGU', 'PROPC', 'SOL', 'SUI', 'USUAL'], ['DOGE', 'ETH'])
('2024-12-20 08:30:01', ['APT', 'ENA', 'ETH', 'FARTCOIN', 'FUEL', 'HYPE', 'LYX', 'ONDO', 'PENGU', 'PEPE', 'PROPC', 'SOL', 'SUI', 'USUAL', 'VIRTUAL'], ['PEPE', 'VIRTUAL'])
('2024-12-20 08:40:02', ['APT', 'BTC', 'ENA', 'ETH', 'FARTCOIN', 'FUEL', 'HYPE', 'LYX', 'PENGU', 'PEPE', 'PROPC', 'SOL', 'SUI', 'USUAL', 'VIRTUAL'], ['BTC'])
('2024-12-20 09:30:02', ['APT', 'BTC', 'ENA', 'ETH', 'FARTCOIN', 'FUEL', 'HYPE', 'LYX', 'ONDO', 'PENGU', 'PROPC', 'SOL', 'SUI', 'USUAL', 'VIRTUAL'], ['ONDO'])
('2024-12-20 09:50:01', ['BTC', 'ENA', 'ETH', 'FARTCOIN', 'FUEL', 'HYPE', 'LYX', 'ONDO', 'PENGU', 'PROPC', 'SOL', 'SUI', 'TAO', 'USUAL', 'VIRTUAL'], ['TAO'])
('2024-12-20 10:10:01', ['AKUMA', 'BTC', 'ENA', 'ETH', 'FARTCOIN', 'FUEL', 'HYPE', 'LYX', 'ONDO', 'PENGU', 'PROPC', 'SOL', 'SUI', 'USUAL', 'VIRTUAL'], ['AKUMA'])
('2024-12-20 10:30:01', ['AKUMA', 'BTC', 'ENA', 'ETH', 'FARTCOIN', 'FTM', 'FUEL', 'HYPE', 'LYX', 'ONDO', 'PENGU', 'SOL', 'SUI', 'USUAL', 'VIRTUAL'], ['FTM'])
('2024-12-20 10:50:01', ['AKUMA', 'BTC', 'ENA', 'ETH', 'FARTCOIN', 'FUEL', 'HYPE', 'LYX', 'ONDO', 'PENGU', 'SOL', 'SUI', 'USUAL', 'VIRTUAL', 'XRP'], ['XRP'])
('2024-12-20 11:00:01', ['AKUMA', 'BTC', 'DOGE', 'ENA', 'ETH', 'FARTCOIN', 'FUEL', 'HYPE', 'LYX', 'ONDO', 'PENGU', 'SOL', 'SUI', 'USUAL', 'VIRTUAL'], ['DOGE'])
('2024-12-20 11:50:02', ['AKUMA', 'BTC', 'DOGE', 'ETH', 'FARTCOIN', 'FUEL', 'HYPE', 'LYX', 'ONDO', 'PENGU', 'SOL', 'SUI', 'TAO', 'USUAL', 'VIRTUAL'], ['TAO'])
('2024-12-20 12:10:01', ['AKUMA', 'BTC', 'DOGE', 'ETH', 'FARTCOIN', 'HYPE', 'LYX', 'ONDO', 'PENGU', 'SOL', 'SUI', 'TAO', 'USUAL', 'VIRTUAL', 'XRP'], ['XRP'])
('2024-12-20 12:30:01', ['AKUMA', 'BTC', 'DOGE', 'ETH', 'FARTCOIN', 'HYPE', 'LYX', 'ONDO', 'PENGU', 'PROPC', 'SOL', 'SUI', 'USUAL', 'VIRTUAL', 'XRP'], ['PROPC'])
('2024-12-20 12:40:01', ['AKUMA', 'BTC', 'ENA', 'ETH', 'FARTCOIN', 'HYPE', 'LYX', 'ONDO', 'PENGU', 'PROPC', 'SOL', 'SUI', 'USUAL', 'VIRTUAL', 'XRP'], ['ENA'])
('2024-12-20 13:20:01', ['AKUMA', 'BTC', 'ENA', 'ETH', 'FARTCOIN', 'FUEL', 'HYPE', 'LYX', 'ONDO', 'PENGU', 'PROPC', 'SOL', 'SUI', 'USUAL', 'XRP'], ['FUEL'])
('2024-12-20 13:40:02', ['AKUMA', 'BTC', 'ENA', 'ETH', 'FARTCOIN', 'FUEL', 'HYPE', 'LYX', 'ONDO', 'PENGU', 'PROPC', 'SOL', 'SUI', 'USUAL', 'VIRTUAL'], ['VIRTUAL'])
('2024-12-20 13:50:01', ['AKUMA', 'BTC', 'ENA', 'ETH', 'FARTCOIN', 'FTM', 'HYPE', 'LYX', 'ONDO', 'PENGU', 'PROPC', 'SOL', 'SUI', 'USUAL', 'VIRTUAL'], ['FTM'])
('2024-12-20 14:30:02', ['AKUMA', 'BTC', 'DOGE', 'ENA', 'ETH', 'FARTCOIN', 'FUEL', 'HYPE', 'LYX', 'ONDO', 'PENGU', 'SOL', 'SUI', 'USUAL', 'VIRTUAL'], ['DOGE', 'FUEL'])
('2024-12-20 15:10:01', ['AKUMA', 'DOGE', 'ENA', 'ETH', 'FARTCOIN', 'FUEL', 'HYPE', 'LINK', 'LYX', 'ONDO', 'PENGU', 'SOL', 'SUI', 'USUAL', 'VIRTUAL'], ['LINK'])
('2024-12-20 15:20:02', ['AKUMA', 'DOGE', 'ENA', 'ETH', 'FARTCOIN', 'FUEL', 'HYPE', 'LYX', 'ONDO', 'PENGU', 'SOL', 'SUI', 'TAO', 'USUAL', 'VIRTUAL'], ['TAO'])
('2024-12-20 15:30:01', ['AKUMA', 'ENA', 'ETH', 'FARTCOIN', 'FUEL', 'HYPE', 'LYX', 'ONDO', 'PENGU', 'SOL', 'SUI', 'TAO', 'USUAL', 'VIRTUAL', 'XRP'], ['XRP'])
('2024-12-20 15:40:02', ['AKUMA', 'BTC', 'ENA', 'ETH', 'FARTCOIN', 'FUEL', 'HYPE', 'LYX', 'ONDO', 'PENGU', 'SOL', 'SUI', 'TAO', 'USUAL', 'VIRTUAL'], ['BTC'])
('2024-12-20 16:30:01', ['AIXBT', 'AKUMA', 'BTC', 'ENA', 'ETH', 'FARTCOIN', 'FUEL', 'HYPE', 'LYX', 'PENGU', 'SOL', 'SUI', 'TAO', 'USUAL', 'VIRTUAL'], ['AIXBT'])
('2024-12-20 16:50:01', ['AIXBT', 'AKUMA', 'ENA', 'FARTCOIN', 'FUEL', 'HYPE', 'KMNO', 'LYX', 'ONDO', 'PENGU', 'SOL', 'SUI', 'TAO', 'USUAL', 'VIRTUAL'], ['KMNO', 'ONDO'])
('2024-12-20 17:10:01', ['AIXBT', 'CGPT', 'ENA', 'FARTCOIN', 'FUEL', 'HYPE', 'KMNO', 'LYX', 'ONDO', 'PENGU', 'SOL', 'SUI', 'TAO', 'USUAL', 'VIRTUAL'], ['CGPT'])
('2024-12-20 17:20:01', ['AI16Z', 'AIXBT', 'ENA', 'FARTCOIN', 'FTM', 'FUEL', 'HYPE', 'KMNO', 'LYX', 'ONDO', 'PENGU', 'SOL', 'SUI', 'USUAL', 'VIRTUAL'], ['AI16Z', 'FTM'])
('2024-12-20 17:30:02', ['AI16Z', 'AIXBT', 'ENA', 'FARTCOIN', 'FUEL', 'HYPE', 'KMNO', 'LYX', 'ONDO', 'PAAL', 'PENGU', 'SOL', 'SUI', 'USUAL', 'VIRTUAL'], ['PAAL'])
('2024-12-20 17:40:02', ['AERO', 'BTC', 'ENA', 'FARTCOIN', 'FUEL', 'HYPE', 'KMNO', 'LYX', 'ONDO', 'PAAL', 'PENGU', 'SOL', 'SUI', 'USUAL', 'VIRTUAL'], ['AERO', 'BTC'])
('2024-12-20 17:50:01', ['AIXBT', 'BTC', 'ENA', 'ETH', 'FARTCOIN', 'HYPE', 'LYX', 'ONDO', 'PAAL', 'PENGU', 'PEPE', 'SOL', 'SUI', 'USUAL', 'VIRTUAL'], ['AIXBT', 'ETH', 'PEPE'])
('2024-12-20 18:00:02', ['AIXBT', 'BTC', 'ENA', 'FARTCOIN', 'HYPE', 'KMNO', 'LYX', 'ONDO', 'PAAL', 'PENGU', 'PEPE', 'SOL', 'SUI', 'USUAL', 'VIRTUAL'], ['KMNO'])
('2024-12-20 18:10:01', ['CGPT', 'ENA', 'ETH', 'FARTCOIN', 'FUEL', 'HYPE', 'LYX', 'ONDO', 'PAAL', 'PENGU', 'PEPE', 'SOL', 'SUI', 'USUAL', 'VIRTUAL'], ['CGPT', 'ETH', 'FUEL'])
('2024-12-20 18:20:02', ['BTC', 'ENA', 'ETH', 'FARTCOIN', 'FUEL', 'HYPE', 'LYX', 'ONDO', 'PENGU', 'PEPE', 'SOL', 'SUI', 'TIA', 'USUAL', 'VIRTUAL'], ['BTC', 'TIA'])
('2024-12-20 18:30:01', ['APT', 'BTC', 'ENA', 'ETH', 'FARTCOIN', 'HYPE', 'LYX', 'ONDO', 'PENGU', 'SOL', 'SUI', 'TIA', 'USUAL', 'VIRTUAL', 'XRP'], ['APT', 'XRP'])
('2024-12-20 18:40:02', ['APT', 'BTC', 'ENA', 'ETH', 'FARTCOIN', 'FUEL', 'HYPE', 'LYX', 'ONDO', 'PENGU', 'SOL', 'SUI', 'TIA', 'USUAL', 'VIRTUAL'], ['FUEL'])
('2024-12-20 19:10:01', ['APT', 'BTC', 'CGPT', 'ENA', 'ETH', 'FARTCOIN', 'HYPE', 'LYX', 'ONDO', 'PENGU', 'SOL', 'SUI', 'TIA', 'USUAL', 'VIRTUAL'], ['CGPT'])
('2024-12-20 19:30:01', ['BTC', 'CGPT', 'ENA', 'ETH', 'FARTCOIN', 'FUEL', 'HYPE', 'LYX', 'ONDO', 'PENGU', 'SOL', 'SUI', 'TIA', 'USUAL', 'VIRTUAL'], ['FUEL'])
('2024-12-20 19:40:01', ['BTC', 'CGPT', 'ENA', 'ETH', 'FARTCOIN', 'FTM', 'FUEL', 'HYPE', 'LYX', 'PENGU', 'SOL', 'SUI', 'TIA', 'USUAL', 'VIRTUAL'], ['FTM'])
('2024-12-20 19:50:02', ['BTC', 'CGPT', 'ENA', 'ETH', 'FARTCOIN', 'FTM', 'HYPE', 'LYX', 'PENGU', 'SOL', 'SUI', 'TIA', 'USUAL', 'VIRTUAL', 'XRP'], ['XRP'])
('2024-12-20 20:00:01', ['CGPT', 'ENA', 'ETH', 'FARTCOIN', 'FTM', 'HYPE', 'LYX', 'ONDO', 'PENGU', 'SOL', 'SUI', 'TIA', 'USUAL', 'VIRTUAL', 'XRP'], ['ONDO'])
('2024-12-20 20:10:01', ['CGPT', 'ENA', 'ETH', 'FARTCOIN', 'FTM', 'HYPE', 'LYX', 'ONDO', 'PENGU', 'PEPE', 'SOL', 'SUI', 'TIA', 'USUAL', 'VIRTUAL'], ['PEPE'])
('2024-12-20 20:20:01', ['AIXBT', 'CGPT', 'ENA', 'ETH', 'FARTCOIN', 'FTM', 'HYPE', 'LYX', 'ONDO', 'PENGU', 'SOL', 'SUI', 'TIA', 'USUAL', 'VIRTUAL'], ['AIXBT'])
('2024-12-20 20:40:02', ['AIXBT', 'CGPT', 'ENA', 'ETH', 'FARTCOIN', 'HYPE', 'LYX', 'ONDO', 'PENGU', 'PEPE', 'SOL', 'SUI', 'TIA', 'USUAL', 'VIRTUAL'], ['PEPE'])
('2024-12-20 20:50:01', ['AIXBT', 'CGPT', 'ENA', 'FARTCOIN', 'FUEL', 'HYPE', 'LYX', 'ONDO', 'PENGU', 'PEPE', 'SOL', 'SUI', 'TIA', 'USUAL', 'VIRTUAL'], ['FUEL'])
('2024-12-20 21:00:02', ['AIXBT', 'CGPT', 'ENA', 'ETH', 'FARTCOIN', 'HYPE', 'LYX', 'ONDO', 'PENGU', 'PEPE', 'SOL', 'SUI', 'TIA', 'USUAL', 'VIRTUAL'], ['ETH'])
('2024-12-20 21:10:01', ['AIXBT', 'BTC', 'ENA', 'ETH', 'FARTCOIN', 'FUEL', 'HYPE', 'LYX', 'PENGU', 'PEPE', 'SOL', 'SUI', 'TIA', 'USUAL', 'VIRTUAL'], ['BTC', 'FUEL'])
('2024-12-20 21:30:01', ['AIXBT', 'BTC', 'ENA', 'ETH', 'FARTCOIN', 'HYPE', 'LYX', 'PENGU', 'PEPE', 'SOL', 'SUI', 'TIA', 'USUAL', 'VIRTUAL', 'XRP'], ['XRP'])
('2024-12-20 21:50:01', ['AIXBT', 'BTC', 'ENA', 'ETH', 'FARTCOIN', 'HYPE', 'LYX', 'PENGU', 'PEPE', 'SOL', 'SUI', 'TAO', 'TIA', 'USUAL', 'VIRTUAL'], ['TAO'])
('2024-12-20 22:00:02', ['AERO', 'BTC', 'ENA', 'ETH', 'FARTCOIN', 'HYPE', 'LYX', 'PENGU', 'PEPE', 'SOL', 'SUI', 'TAO', 'TIA', 'USUAL', 'VIRTUAL'], ['AERO'])
('2024-12-20 22:10:01', ['AERO', 'AIXBT', 'BTC', 'ENA', 'ETH', 'FARTCOIN', 'HYPE', 'LYX', 'PENGU', 'PEPE', 'SOL', 'SUI', 'TIA', 'USUAL', 'VIRTUAL'], ['AIXBT'])
('2024-12-20 22:20:02', ['AERO', 'BTC', 'ENA', 'ETH', 'FARTCOIN', 'HYPE', 'LYX', 'ONDO', 'PENGU', 'PEPE', 'SOL', 'SUI', 'TIA', 'USUAL', 'VIRTUAL'], ['ONDO'])
('2024-12-20 22:30:01', ['AERO', 'ENA', 'ETH', 'FARTCOIN', 'HYPE', 'LYX', 'ONDO', 'PENGU', 'PEPE', 'SOL', 'SUI', 'TIA', 'USUAL', 'VIRTUAL', 'XRP'], ['XRP'])
('2024-12-20 22:50:01', ['AERO', 'ENA', 'ETH', 'FARTCOIN', 'FUEL', 'HYPE', 'LYX', 'PENGU', 'PEPE', 'SOL', 'SUI', 'TIA', 'USUAL', 'VIRTUAL', 'XRP'], ['FUEL'])
('2024-12-20 23:00:02', ['AIXBT', 'ENA', 'ETH', 'FARTCOIN', 'FUEL', 'HYPE', 'LYX', 'MOVE', 'PENGU', 'SOL', 'SUI', 'TIA', 'USUAL', 'VIRTUAL', 'XRP'], ['AIXBT', 'MOVE'])
('2024-12-20 23:10:01', ['ENA', 'ETH', 'FARTCOIN', 'FUEL', 'HYPE', 'LYX', 'MOVE', 'PENGU', 'PEPE', 'SOL', 'SUI', 'TIA', 'USUAL', 'VIRTUAL', 'XRP'], ['PEPE'])
('2024-12-20 23:20:02', ['AIXBT', 'ENA', 'ETH', 'FARTCOIN', 'FUEL', 'HYPE', 'LYX', 'MOVE', 'PENGU', 'PEPE', 'SOL', 'SUI', 'TIA', 'USUAL', 'VIRTUAL'], ['AIXBT'])
('2024-12-20 23:40:02', ['AIXBT', 'ENA', 'ETH', 'FARTCOIN', 'FTM', 'FUEL', 'HYPE', 'LYX', 'MOVE', 'ONDO', 'PENGU', 'SUI', 'TIA', 'USUAL', 'VIRTUAL'], ['FTM', 'ONDO'])
('2024-12-20 23:50:01', ['AIXBT', 'ENA', 'ETH', 'FARTCOIN', 'FTM', 'HYPE', 'LYX', 'MOVE', 'ONDO', 'PENGU', 'PEPE', 'SOL', 'SUI', 'USUAL', 'VIRTUAL'], ['PEPE', 'SOL'])
('2024-12-21 00:00:02', ['AIXBT', 'DOGE', 'ENA', 'FARTCOIN', 'FTM', 'HYPE', 'LYX', 'MOVE', 'ONDO', 'PENGU', 'SOL', 'SUI', 'TIA', 'USUAL', 'VIRTUAL'], ['DOGE', 'TIA'])
('2024-12-21 00:10:01', ['AIXBT', 'DOGE', 'ENA', 'FARTCOIN', 'HYPE', 'LYX', 'MOVE', 'ONDO', 'PENGU', 'SOL', 'SUI', 'TIA', 'USUAL', 'VIRTUAL', 'XRP'], ['XRP'])
('2024-12-21 00:20:02', ['AIXBT', 'ENA', 'FARTCOIN', 'FUEL', 'HYPE', 'LYX', 'MOVE', 'ONDO', 'PENGU', 'SOL', 'SUI', 'TIA', 'USUAL', 'VIRTUAL', 'XRP'], ['FUEL'])
('2024-12-21 00:30:01', ['AIXBT', 'ENA', 'ETH', 'FARTCOIN', 'FTM', 'HYPE', 'LYX', 'MOVE', 'PENGU', 'SOL', 'SUI', 'TIA', 'USUAL', 'VIRTUAL', 'XRP'], ['ETH', 'FTM'])
('2024-12-21 00:50:01', ['ENA', 'ETH', 'FARTCOIN', 'FTM', 'HYPE', 'LYX', 'MOVE', 'PENGU', 'PEPE', 'SOL', 'SUI', 'USUAL', 'VANA', 'VIRTUAL', 'XRP'], ['PEPE', 'VANA'])
('2024-12-21 01:00:02', ['AIXBT', 'ENA', 'ETH', 'FARTCOIN', 'HYPE', 'LYX', 'ME', 'MOVE', 'PENGU', 'PEPE', 'SOL', 'SUI', 'USUAL', 'VANA', 'VIRTUAL'], ['AIXBT', 'ME'])
('2024-12-21 01:10:01', ['AIXBT', 'ENA', 'ETH', 'FARTCOIN', 'HYPE', 'LYX', 'ME', 'MOVE', 'PENGU', 'SOL', 'SUI', 'TIA', 'USUAL', 'VANA', 'VIRTUAL'], ['TIA'])
('2024-12-21 01:20:02', ['AIXBT', 'ENA', 'ETH', 'FARTCOIN', 'HYPE', 'LYX', 'ME', 'PENGU', 'PEPE', 'SOL', 'SUI', 'TIA', 'USUAL', 'VIRTUAL', 'XRP'], ['PEPE', 'XRP'])
('2024-12-21 01:30:01', ['AIXBT', 'ENA', 'ETH', 'FARTCOIN', 'HYPE', 'LYX', 'MOVE', 'ONDO', 'PENGU', 'PEPE', 'SOL', 'SUI', 'TIA', 'USUAL', 'VIRTUAL'], ['MOVE', 'ONDO'])
('2024-12-21 01:50:01', ['AERO', 'AIXBT', 'ENA', 'ETH', 'FARTCOIN', 'HYPE', 'LYX', 'MOVE', 'ONDO', 'PENGU', 'SOL', 'SUI', 'TIA', 'USUAL', 'VIRTUAL'], ['AERO'])
('2024-12-21 02:00:02', ['AIXBT', 'BEAM', 'ENA', 'ETH', 'FARTCOIN', 'HYPE', 'LYX', 'ONDO', 'PENGU', 'SOL', 'SUI', 'TIA', 'USUAL', 'VIRTUAL', 'XRP'], ['BEAM', 'XRP'])
('2024-12-21 02:10:01', ['AIXBT', 'BEAM', 'BONK', 'ENA', 'ETH', 'FARTCOIN', 'HYPE', 'LYX', 'ONDO', 'PENGU', 'SOL', 'SUI', 'USUAL', 'VIRTUAL', 'XRP'], ['BONK'])
('2024-12-21 02:20:02', ['AIXBT', 'BONK', 'ENA', 'ETH', 'FARTCOIN', 'HYPE', 'LYX', 'MOVE', 'ONDO', 'PENGU', 'SOL', 'SUI', 'USUAL', 'VIRTUAL', 'XRP'], ['MOVE'])
('2024-12-21 02:30:01', ['AI16Z', 'AIXBT', 'ENA', 'ETH', 'FARTCOIN', 'HYPE', 'LYX', 'MOVE', 'ONDO', 'PENGU', 'SOL', 'SUI', 'USUAL', 'VIRTUAL', 'XRP'], ['AI16Z'])
('2024-12-21 02:40:02', ['AIXBT', 'ENA', 'ETH', 'FARTCOIN', 'HYPE', 'LYX', 'ME', 'MOVE', 'ONDO', 'PENGU', 'SOL', 'SUI', 'USUAL', 'VIRTUAL', 'XRP'], ['ME'])
('2024-12-21 02:50:01', ['ENA', 'ETH', 'FARTCOIN', 'HYPE', 'LYX', 'ME', 'MOVE', 'ONDO', 'PENGU', 'PEPE', 'SOL', 'SUI', 'USUAL', 'VIRTUAL', 'XRP'], ['PEPE'])
('2024-12-21 03:00:02', ['AIXBT', 'APT', 'ENA', 'ETH', 'FARTCOIN', 'HYPE', 'LYX', 'ME', 'MOVE', 'PENGU', 'PEPE', 'SOL', 'SUI', 'USUAL', 'VIRTUAL'], ['AIXBT', 'APT'])
('2024-12-21 03:10:01', ['AIXBT', 'APT', 'ENA', 'ETH', 'FARTCOIN', 'GRASS', 'HYPE', 'LYX', 'ME', 'MOVE', 'PENGU', 'PEPE', 'SUI', 'USUAL', 'VIRTUAL'], ['GRASS'])
('2024-12-21 03:20:02', ['AIXBT', 'APT', 'ENA', 'ETH', 'GRASS', 'HYPE', 'LYX', 'ME', 'PENGU', 'PEPE', 'SOL', 'SUI', 'USUAL', 'VIRTUAL', 'ZEN'], ['SOL', 'ZEN'])
('2024-12-21 03:30:01', ['AIXBT', 'APT', 'ENA', 'ETH', 'GRASS', 'HYPE', 'LYX', 'PENGU', 'PEPE', 'SOL', 'SUI', 'USUAL', 'VIRTUAL', 'XRP', 'ZEN'], ['XRP'])
('2024-12-21 03:40:02', ['AIXBT', 'APT', 'ENA', 'FARTCOIN', 'GRASS', 'HYPE', 'LYX', 'ONDO', 'PENGU', 'PEPE', 'SOL', 'SUI', 'USUAL', 'VIRTUAL', 'ZEN'], ['FARTCOIN', 'ONDO'])
('2024-12-21 03:50:01', ['AIXBT', 'ENA', 'FARTCOIN', 'GRASS', 'HYPE', 'LYX', 'ONDO', 'PENGU', 'PEPE', 'SOL', 'SUI', 'USUAL', 'VIRTUAL', 'XRP', 'ZEN'], ['XRP'])
('2024-12-21 04:00:02', ['AIXBT', 'ENA', 'FARTCOIN', 'GRASS', 'HYPE', 'LYX', 'ONDO', 'PENGU', 'PEPE', 'SEND', 'SOL', 'SUI', 'USUAL', 'VIRTUAL', 'XRP'], ['SEND'])
('2024-12-21 04:20:02', ['AIXBT', 'BONK', 'BTC', 'ENA', 'ETH', 'FARTCOIN', 'HYPE', 'LYX', 'ONDO', 'PENGU', 'SOL', 'SUI', 'USUAL', 'VIRTUAL', 'XRP'], ['BONK', 'BTC', 'ETH'])
('2024-12-21 04:30:01', ['AIXBT', 'BTC', 'DOGE', 'ENA', 'ETH', 'FARTCOIN', 'HYPE', 'LYX', 'PENGU', 'SOL', 'SUI', 'SUPRA', 'USUAL', 'VIRTUAL', 'XRP'], ['DOGE', 'SUPRA'])
('2024-12-21 04:40:02', ['AIXBT', 'BTC', 'ENA', 'ETH', 'FARTCOIN', 'HYPE', 'LYX', 'PENGU', 'SEI', 'SOL', 'SUI', 'SUPRA', 'USUAL', 'VIRTUAL', 'XRP'], ['SEI'])
('2024-12-21 04:50:01', ['AIXBT', 'BTC', 'DOGE', 'ENA', 'ETH', 'FARTCOIN', 'HYPE', 'LYX', 'PENGU', 'SOL', 'SUI', 'SUPRA', 'TIA', 'USUAL', 'VIRTUAL'], ['DOGE', 'TIA'])
('2024-12-21 05:00:01', ['AIXBT', 'BTC', 'DOGE', 'ENA', 'ETH', 'FARTCOIN', 'FUEL', 'HYPE', 'LYX', 'PENGU', 'SOL', 'SUI', 'TIA', 'USUAL', 'VIRTUAL'], ['FUEL'])
('2024-12-21 05:10:02', ['BTC', 'DOGE', 'ENA', 'ETH', 'FARTCOIN', 'HYPE', 'LYX', 'MOVE', 'ONDO', 'PENGU', 'SOL', 'SUI', 'TIA', 'USUAL', 'VIRTUAL'], ['MOVE', 'ONDO'])
('2024-12-21 05:20:01', ['AIXBT', 'APT', 'ENA', 'ETH', 'FARTCOIN', 'HYPE', 'LYX', 'MOVE', 'ONDO', 'PENGU', 'SOL', 'SUI', 'TIA', 'USUAL', 'VIRTUAL'], ['AIXBT', 'APT'])
('2024-12-21 05:40:01', ['AIXBT', 'APT', 'BTC', 'ENA', 'ETH', 'FARTCOIN', 'HYPE', 'LYX', 'MOVE', 'ONDO', 'PENGU', 'SOL', 'SUI', 'USUAL', 'VIRTUAL'], ['BTC'])
('2024-12-21 06:00:01', ['AIXBT', 'APT', 'ENA', 'ETH', 'FARTCOIN', 'HYPE', 'LYX', 'MOVE', 'ONDO', 'PENGU', 'SOL', 'SUI', 'USUAL', 'VIRTUAL', 'XRP'], ['XRP'])
('2024-12-21 06:10:01', ['AIXBT', 'BTC', 'ENA', 'ETH', 'FARTCOIN', 'FUEL', 'HYPE', 'LYX', 'MOVE', 'ONDO', 'PENGU', 'SOL', 'SUI', 'USUAL', 'VIRTUAL'], ['BTC', 'FUEL'])
('2024-12-21 06:40:02', ['BTC', 'ENA', 'ETH', 'FARTCOIN', 'FUEL', 'HAPPY', 'HYPE', 'LYX', 'MOVE', 'ONDO', 'PENGU', 'SOL', 'SUI', 'USUAL', 'VIRTUAL'], ['HAPPY'])
('2024-12-21 06:50:01', ['AIXBT', 'BTC', 'ENA', 'ETH', 'FARTCOIN', 'FTM', 'HYPE', 'LYX', 'ONDO', 'PENGU', 'PEPE', 'SOL', 'SUI', 'USUAL', 'VIRTUAL'], ['AIXBT', 'FTM', 'PEPE'])
('2024-12-21 07:00:02', ['BTC', 'ENA', 'ETH', 'FARTCOIN', 'FTM', 'HYPE', 'LYX', 'ME', 'ONDO', 'PENGU', 'PEPE', 'SOL', 'SUI', 'USUAL', 'VIRTUAL'], ['ME'])
('2024-12-21 07:10:01', ['AIXBT', 'ENA', 'ETH', 'FARTCOIN', 'HYPE', 'LYX', 'MOVE', 'ODOS', 'PENGU', 'PEPE', 'SOL', 'SUI', 'USUAL', 'VIRTUAL', 'XRP'], ['AIXBT', 'MOVE', 'ODOS', 'XRP'])
('2024-12-21 07:20:02', ['AIXBT', 'DOGE', 'ENA', 'FARTCOIN', 'HYPE', 'LYX', 'ODOS', 'ONDO', 'PENGU', 'PEPE', 'SOL', 'SUI', 'USUAL', 'VIRTUAL', 'XRP'], ['DOGE', 'ONDO'])
('2024-12-21 07:30:01', ['AIXBT', 'ENA', 'FARTCOIN', 'FTM', 'HYPE', 'LYX', 'ODOS', 'ONDO', 'PENGU', 'PEPE', 'SOL', 'SUI', 'USUAL', 'VIRTUAL', 'XRP'], ['FTM'])
('2024-12-21 07:40:01', ['ENA', 'FARTCOIN', 'FTM', 'FUEL', 'HYPE', 'LYX', 'MOVE', 'ODOS', 'ONDO', 'PENGU', 'PEPE', 'SOL', 'SUI', 'USUAL', 'VIRTUAL'], ['FUEL', 'MOVE'])
('2024-12-21 07:50:01', ['ENA', 'ETH', 'FARTCOIN', 'FTM', 'FUEL', 'HYPE', 'LYX', 'MOVE', 'ODOS', 'ONDO', 'PENGU', 'SOL', 'SUI', 'USUAL', 'VIRTUAL'], ['ETH'])
('2024-12-21 08:00:01', ['AIXBT', 'ENA', 'ETH', 'FARTCOIN', 'FTM', 'FUEL', 'HYPE', 'LYX', 'ODOS', 'ONDO', 'PENGU', 'SOL', 'SUI', 'USUAL', 'VIRTUAL'], ['AIXBT'])
('2024-12-21 08:10:02', ['AIXBT', 'ENA', 'ETH', 'FARTCOIN', 'FTM', 'FUEL', 'HYPE', 'LYX', 'ONDO', 'PENGU', 'SOL', 'SUI', 'TAO', 'USUAL', 'VIRTUAL'], ['TAO'])
('2024-12-21 08:20:01', ['APT', 'ENA', 'ETH', 'FARTCOIN', 'FTM', 'FUEL', 'HYPE', 'LYX', 'MOVE', 'ONDO', 'PENGU', 'SOL', 'SUI', 'USUAL', 'VIRTUAL'], ['APT', 'MOVE'])
('2024-12-21 08:30:02', ['AIXBT', 'ENA', 'ETH', 'FARTCOIN', 'FTM', 'FUEL', 'HYPE', 'LYX', 'MOVE', 'ONDO', 'PENGU', 'SUI', 'TAO', 'USUAL', 'VIRTUAL'], ['AIXBT', 'TAO'])
('2024-12-21 08:50:02', ['AIXBT', 'ENA', 'ETH', 'FARTCOIN', 'FUEL', 'HYPE', 'LYX', 'ODOS', 'ONDO', 'PENGU', 'SUI', 'TAO', 'USUAL', 'VIRTUAL', 'XRP'], ['ODOS', 'XRP'])
('2024-12-21 09:10:01', ['BONK', 'BTC', 'ENA', 'ETH', 'FARTCOIN', 'FUEL', 'HYPE', 'LYX', 'ODOS', 'PENGU', 'PEPE', 'SUI', 'USUAL', 'VIRTUAL', 'XRP'], ['BONK', 'BTC', 'PEPE'])
('2024-12-21 09:20:02', ['BONK', 'ENA', 'ETH', 'FARTCOIN', 'FUEL', 'HYPE', 'LYX', 'MOVE', 'ODOS', 'PENGU', 'PEPE', 'SOL', 'SUI', 'USUAL', 'VIRTUAL'], ['MOVE', 'SOL'])
('2024-12-21 09:40:02', ['AIXBT', 'BTC', 'ENA', 'ETH', 'FUEL', 'HYPE', 'LYX', 'MOVE', 'ODOS', 'PENGU', 'PEPE', 'SOL', 'SUI', 'USUAL', 'VIRTUAL'], ['AIXBT', 'BTC'])
('2024-12-21 09:50:01', ['AIXBT', 'ENA', 'ETH', 'FARTCOIN', 'FUEL', 'HYPE', 'LYX', 'MOVE', 'ODOS', 'PENGU', 'PEPE', 'SOL', 'SUI', 'USUAL', 'VIRTUAL'], ['FARTCOIN'])
('2024-12-21 10:00:02', ['AIXBT', 'ENA', 'ETH', 'FARTCOIN', 'FUEL', 'HYPE', 'LYX', 'MOVE', 'ODOS', 'ONDO', 'PENGU', 'SOL', 'SUI', 'USUAL', 'VIRTUAL'], ['ONDO'])
('2024-12-21 10:10:01', ['AIXBT', 'ENA', 'ETH', 'FARTCOIN', 'FUEL', 'HYPE', 'LYX', 'MOVE', 'ODOS', 'PENGU', 'SOL', 'SUI', 'TAO', 'USUAL', 'VIRTUAL'], ['TAO'])
('2024-12-21 10:20:02', ['AIXBT', 'ENA', 'ETH', 'FARTCOIN', 'FUEL', 'HYPE', 'LYX', 'ODOS', 'ONDO', 'PENGU', 'SOL', 'SUI', 'TAO', 'USUAL', 'VIRTUAL'], ['ONDO'])
('2024-12-21 10:30:01', ['AIXBT', 'ENA', 'ETH', 'FARTCOIN', 'FUEL', 'HYPE', 'LYX', 'MOVE', 'ODOS', 'PENGU', 'SOL', 'SUI', 'TAO', 'USUAL', 'VIRTUAL'], ['MOVE'])
('2024-12-21 10:40:02', ['AIXBT', 'ENA', 'ETH', 'FARTCOIN', 'FUEL', 'HYPE', 'LYX', 'MOVE', 'ODOS', 'ONDO', 'PENGU', 'SOL', 'SUI', 'USUAL', 'VIRTUAL'], ['ONDO'])
('2024-12-21 11:10:01', ['AIXBT', 'ENA', 'FARTCOIN', 'FUEL', 'HYPE', 'LYX', 'MOVE', 'ODOS', 'ONDO', 'PENGU', 'PEPE', 'SOL', 'SUI', 'USUAL', 'VIRTUAL'], ['PEPE'])
('2024-12-21 11:20:01', ['ENA', 'FARTCOIN', 'FUEL', 'HYPE', 'LYX', 'MOVE', 'ODOS', 'ONDO', 'PENGU', 'PEPE', 'SOL', 'SUI', 'USUAL', 'VIRTUAL', 'XRP'], ['XRP'])
('2024-12-21 11:30:02', ['ENA', 'FARTCOIN', 'FUEL', 'HYPE', 'LYX', 'ODOS', 'ONDO', 'PENGU', 'PEPE', 'SOL', 'SUI', 'SUPRA', 'USUAL', 'VIRTUAL', 'XRP'], ['SUPRA'])
('2024-12-21 11:50:02', ['ENA', 'ETH', 'FARTCOIN', 'FUEL', 'HYPE', 'LYX', 'ODOS', 'ONDO', 'PENGU', 'PEPE', 'SOL', 'SUI', 'USUAL', 'VIRTUAL', 'XRP'], ['ETH'])
('2024-12-21 12:00:01', ['APT', 'DOGE', 'ENA', 'ETH', 'FARTCOIN', 'FUEL', 'HYPE', 'LYX', 'ODOS', 'PENGU', 'SOL', 'SUI', 'SUPRA', 'USUAL', 'VIRTUAL'], ['APT', 'DOGE', 'SUPRA'])
('2024-12-21 12:10:02', ['APT', 'DOGE', 'ENA', 'ETH', 'FARTCOIN', 'FUEL', 'HYPE', 'LYX', 'MOVE', 'ODOS', 'PENGU', 'SOL', 'SUI', 'USUAL', 'VIRTUAL'], ['MOVE'])
('2024-12-21 12:30:01', ['APT', 'DOGE', 'ENA', 'ETH', 'FARTCOIN', 'FUEL', 'HYPE', 'LYX', 'ME', 'ODOS', 'PENGU', 'SOL', 'SUI', 'USUAL', 'VIRTUAL'], ['ME'])
('2024-12-21 12:40:01', ['APT', 'ENA', 'ETH', 'FARTCOIN', 'FUEL', 'HYPE', 'LYX', 'ODOS', 'PENGU', 'PEPE', 'SOL', 'SUI', 'TIA', 'USUAL', 'VIRTUAL'], ['PEPE', 'TIA'])
('2024-12-21 12:50:02', ['AIXBT', 'ENA', 'ETH', 'FARTCOIN', 'FTM', 'FUEL', 'HYPE', 'LYX', 'ODOS', 'PENGU', 'PEPE', 'SOL', 'SUI', 'USUAL', 'VIRTUAL'], ['AIXBT', 'FTM'])
('2024-12-21 13:00:01', ['AIXBT', 'ENA', 'ETH', 'FARTCOIN', 'FUEL', 'HYPE', 'LYX', 'ODOS', 'PENGU', 'PEPE', 'SOL', 'SUI', 'TIA', 'USUAL', 'VIRTUAL'], ['TIA'])
('2024-12-21 13:20:01', ['AIXBT', 'ENA', 'ETH', 'FARTCOIN', 'FUEL', 'GOAT', 'HYPE', 'LYX', 'ODOS', 'PENGU', 'PEPE', 'SOL', 'SUI', 'USUAL', 'VIRTUAL'], ['GOAT'])
('2024-12-21 13:30:01', ['AIXBT', 'ENA', 'ETH', 'FARTCOIN', 'FUEL', 'HYPE', 'LYX', 'ODOS', 'PENGU', 'PEPE', 'SOL', 'SUI', 'TIA', 'USUAL', 'VIRTUAL'], ['TIA'])
('2024-12-21 13:40:01', ['AIXBT', 'ENA', 'ETH', 'FARTCOIN', 'FTM', 'FUEL', 'HYPE', 'LYX', 'MOVE', 'ODOS', 'PENGU', 'SOL', 'SUI', 'USUAL', 'VIRTUAL'], ['FTM', 'MOVE'])
('2024-12-21 13:50:01', ['AIXBT', 'ENA', 'ETH', 'FARTCOIN', 'FUEL', 'HYPE', 'LYX', 'ODOS', 'PENGU', 'SOL', 'SUI', 'TIA', 'USUAL', 'VIRTUAL', 'XRP'], ['TIA', 'XRP'])
('2024-12-21 14:00:01', ['AIXBT', 'ENA', 'ETH', 'FARTCOIN', 'FUEL', 'HYPE', 'LYX', 'ODOS', 'PENGU', 'SEI', 'SOL', 'SUI', 'USUAL', 'VIRTUAL', 'XRP'], ['SEI'])
('2024-12-21 14:10:01', ['AIXBT', 'ENA', 'ETH', 'FARTCOIN', 'FUEL', 'HYPE', 'LYX', 'ODOS', 'PENGU', 'SEI', 'SOL', 'SUI', 'TIA', 'USUAL', 'VIRTUAL'], ['TIA'])
('2024-12-21 14:20:02', ['AIXBT', 'APT', 'ENA', 'ETH', 'FARTCOIN', 'FUEL', 'HYPE', 'LYX', 'ODOS', 'PENGU', 'SOL', 'SUI', 'USUAL', 'VIRTUAL', 'WILD'], ['APT', 'WILD'])
('2024-12-21 14:30:01', ['AIXBT', 'APT', 'ENA', 'ETH', 'FARTCOIN', 'FUEL', 'GRASS', 'HYPE', 'LYX', 'ODOS', 'PENGU', 'SOL', 'SUI', 'USUAL', 'VIRTUAL'], ['GRASS'])
('2024-12-21 14:40:02', ['AIXBT', 'APT', 'ENA', 'FARTCOIN', 'FUEL', 'GRASS', 'HYPE', 'LYX', 'ODOS', 'PENGU', 'SEI', 'SOL', 'SUI', 'USUAL', 'WILD'], ['SEI', 'WILD'])
('2024-12-21 15:00:02', ['APT', 'ENA', 'FARTCOIN', 'FUEL', 'GRASS', 'HYPE', 'LYX', 'ODOS', 'PENGU', 'SEI', 'SOL', 'SUI', 'USUAL', 'VIRTUAL', 'WILD'], ['VIRTUAL'])
('2024-12-21 15:20:02', ['AIXBT', 'APT', 'CGPT', 'ENA', 'FARTCOIN', 'FUEL', 'HYPE', 'LYX', 'ODOS', 'PENGU', 'SEI', 'SOL', 'SUI', 'USUAL', 'VIRTUAL'], ['AIXBT', 'CGPT'])
('2024-12-21 15:40:02', ['AIXBT', 'APT', 'CGPT', 'ENA', 'ETH', 'FARTCOIN', 'FUEL', 'HYPE', 'LYX', 'ODOS', 'PENGU', 'SOL', 'SUI', 'USUAL', 'VIRTUAL'], ['ETH'])
('2024-12-21 15:50:01', ['AIXBT', 'APT', 'CGPT', 'ENA', 'FARTCOIN', 'FUEL', 'HYPE', 'LYX', 'ODOS', 'PENGU', 'SEI', 'SOL', 'SUI', 'USUAL', 'VIRTUAL'], ['SEI'])
('2024-12-21 16:20:02', ['AIXBT', 'APT', 'ENA', 'FARTCOIN', 'FUEL', 'HYPE', 'LYX', 'ODOS', 'ONDO', 'PENGU', 'SEI', 'SOL', 'SUI', 'USUAL', 'VIRTUAL'], ['ONDO'])
('2024-12-21 16:30:01', ['AIXBT', 'APT', 'ENA', 'FARTCOIN', 'FUEL', 'HYPE', 'LYX', 'ODOS', 'PENGU', 'PEPE', 'SOL', 'SUI', 'TIA', 'USUAL', 'VIRTUAL'], ['PEPE', 'TIA'])
('2024-12-21 16:40:01', ['APT', 'BTC', 'CGPT', 'ENA', 'FARTCOIN', 'FUEL', 'HYPE', 'LYX', 'ODOS', 'PENGU', 'SOL', 'SUI', 'TIA', 'USUAL', 'VIRTUAL'], ['BTC', 'CGPT'])
('2024-12-21 16:50:02', ['APT', 'ENA', 'ETH', 'FARTCOIN', 'FUEL', 'HYPE', 'LYX', 'ODOS', 'PENGU', 'SEI', 'SOL', 'SUI', 'TIA', 'USUAL', 'VIRTUAL'], ['ETH', 'SEI'])
('2024-12-21 17:00:02', ['APT', 'BTC', 'ENA', 'ETH', 'FARTCOIN', 'FUEL', 'HYPE', 'LYX', 'ODOS', 'PENGU', 'SOL', 'SUI', 'TIA', 'USUAL', 'VIRTUAL'], ['BTC'])
('2024-12-21 17:20:01', ['APT', 'BTC', 'ENA', 'ETH', 'FARTCOIN', 'FUEL', 'HYPE', 'LYX', 'ODOS', 'PENGU', 'SOL', 'SUI', 'TAO', 'USUAL', 'VIRTUAL'], ['TAO'])
('2024-12-21 17:30:02', ['APT', 'ENA', 'ETH', 'FARTCOIN', 'FUEL', 'HYPE', 'LYX', 'MOVE', 'ODOS', 'PENGU', 'SOL', 'SUI', 'TAO', 'USUAL', 'VIRTUAL'], ['MOVE'])
('2024-12-21 18:30:02', ['APT', 'ENA', 'ETH', 'FARTCOIN', 'FUEL', 'HYPE', 'LYX', 'ODOS', 'ONDO', 'PENGU', 'SOL', 'SUI', 'USUAL', 'VIRTUAL', 'XRP'], ['ONDO', 'XRP'])
('2024-12-21 18:40:01', ['APT', 'BEAM', 'ENA', 'ETH', 'FARTCOIN', 'FUEL', 'HYPE', 'ODOS', 'ONDO', 'PENGU', 'SOL', 'SUI', 'TIA', 'USUAL', 'VIRTUAL'], ['BEAM', 'TIA'])
('2024-12-21 18:50:02', ['AIXBT', 'APT', 'BEAM', 'DOGE', 'ENA', 'ETH', 'FTM', 'FUEL', 'HYPE', 'ODOS', 'PENGU', 'SOL', 'SUI', 'USUAL', 'VIRTUAL'], ['AIXBT', 'DOGE', 'FTM'])
('2024-12-21 19:00:01', ['APT', 'BEAM', 'ENA', 'ETH', 'FTM', 'FUEL', 'HYPE', 'ODOS', 'PENGU', 'PEPE', 'SOL', 'SUI', 'TAO', 'USUAL', 'VIRTUAL'], ['PEPE', 'TAO'])
('2024-12-21 19:10:02', ['AIXBT', 'APT', 'BEAM', 'ENA', 'FTM', 'FUEL', 'HYPE', 'ODOS', 'PENGU', 'SEI', 'SOL', 'SUI', 'TIA', 'USUAL', 'VIRTUAL'], ['AIXBT', 'SEI', 'TIA'])
('2024-12-21 19:20:01', ['AIXBT', 'APT', 'BEAM', 'FARTCOIN', 'FTM', 'FUEL', 'HYPE', 'NEAR', 'ODOS', 'PENGU', 'SOL', 'SUI', 'TIA', 'USUAL', 'VIRTUAL'], ['FARTCOIN', 'NEAR'])
('2024-12-21 19:30:02', ['AI16Z', 'AIXBT', 'APT', 'BEAM', 'FARTCOIN', 'FTM', 'FUEL', 'HYPE', 'ODOS', 'PENGU', 'SOL', 'SUI', 'TIA', 'USUAL', 'VIRTUAL'], ['AI16Z'])
('2024-12-21 19:40:01', ['AI16Z', 'APT', 'ENA', 'FARTCOIN', 'FTM', 'FUEL', 'HYPE', 'NEAR', 'ODOS', 'PENGU', 'PEPE', 'SOL', 'SUI', 'USUAL', 'VIRTUAL'], ['ENA', 'NEAR', 'PEPE'])
('2024-12-21 19:50:02', ['AI16Z', 'APT', 'ENA', 'FARTCOIN', 'FUEL', 'GOAT', 'HYPE', 'ODOS', 'PENGU', 'SEI', 'SOL', 'SUI', 'USUAL', 'VIRTUAL', 'ZENT'], ['GOAT', 'SEI', 'ZENT'])
('2024-12-21 20:10:01', ['AI16Z', 'APT', 'ENA', 'ETH', 'FARTCOIN', 'FUEL', 'GOAT', 'HYPE', 'ODOS', 'PENGU', 'SEI', 'SOL', 'SUI', 'USUAL', 'VIRTUAL'], ['ETH'])
('2024-12-21 20:30:01', ['APT', 'ENA', 'ETH', 'FARTCOIN', 'FUEL', 'GOAT', 'HYPE', 'ODOS', 'PENGU', 'SEI', 'SOL', 'SUI', 'USUAL', 'VIRTUAL', 'ZENT'], ['ZENT'])
('2024-12-21 20:40:02', ['AI16Z', 'APT', 'ENA', 'ETH', 'FARTCOIN', 'FUEL', 'GOAT', 'GRIFFAIN', 'HYPE', 'ODOS', 'PENGU', 'SOL', 'SUI', 'USUAL', 'VIRTUAL'], ['AI16Z', 'GRIFFAIN'])
('2024-12-21 20:50:01', ['AI16Z', 'APT', 'ENA', 'ETH', 'FARTCOIN', 'FUEL', 'GOAT', 'HYPE', 'ODOS', 'PENGU', 'SOL', 'SUI', 'TIA', 'USUAL', 'VIRTUAL'], ['TIA'])
('2024-12-21 21:00:02', ['AI16Z', 'APT', 'BEAM', 'ENA', 'ETH', 'FARTCOIN', 'FUEL', 'HYPE', 'ODOS', 'PENGU', 'PEPE', 'SOL', 'SUI', 'USUAL', 'VIRTUAL'], ['BEAM', 'PEPE'])
('2024-12-21 21:10:01', ['AI16Z', 'APT', 'BEAM', 'ENA', 'ETH', 'FARTCOIN', 'FUEL', 'GOAT', 'HYPE', 'ODOS', 'PENGU', 'SOL', 'SUI', 'USUAL', 'VIRTUAL'], ['GOAT'])
('2024-12-21 21:20:02', ['AI16Z', 'AIXBT', 'APT', 'ENA', 'ETH', 'FARTCOIN', 'FUEL', 'GOAT', 'HYPE', 'ODOS', 'PENGU', 'SOL', 'SUI', 'USUAL', 'VIRTUAL'], ['AIXBT'])
('2024-12-21 21:30:01', ['AI16Z', 'APT', 'ETH', 'FARTCOIN', 'FUEL', 'GOAT', 'HYPE', 'ODOS', 'PENGU', 'PEPE', 'SOL', 'SUI', 'TIA', 'USUAL', 'VIRTUAL'], ['PEPE', 'TIA'])
('2024-12-21 21:40:02', ['AI16Z', 'AIXBT', 'APT', 'ETH', 'FARTCOIN', 'FUEL', 'GOAT', 'HYPE', 'ODOS', 'PENGU', 'PEPE', 'SOL', 'SUI', 'USUAL', 'VIRTUAL'], ['AIXBT'])
('2024-12-21 21:50:01', ['AI16Z', 'APT', 'ENA', 'ETH', 'FARTCOIN', 'FUEL', 'GOAT', 'HYPE', 'ODOS', 'PENGU', 'PEPE', 'SOL', 'SUI', 'USUAL', 'VIRTUAL'], ['ENA'])
('2024-12-21 22:00:02', ['AI16Z', 'APT', 'ENA', 'ETH', 'FARTCOIN', 'FUEL', 'HYPE', 'ODOS', 'PENGU', 'PEPE', 'SOL', 'SUI', 'TIA', 'USUAL', 'VIRTUAL'], ['TIA'])
('2024-12-21 22:10:01', ['AI16Z', 'BTC', 'ENA', 'ETH', 'FARTCOIN', 'FUEL', 'HYPE', 'ODOS', 'ONDO', 'PENGU', 'SOL', 'SUI', 'TIA', 'USUAL', 'VIRTUAL'], ['BTC', 'ONDO'])
('2024-12-21 22:20:02', ['AI16Z', 'ENA', 'ETH', 'FARTCOIN', 'FUEL', 'HYPE', 'ODOS', 'ONDO', 'PENGU', 'PEPE', 'SOL', 'SUI', 'TIA', 'USUAL', 'VIRTUAL'], ['PEPE'])
('2024-12-21 22:30:01', ['AI16Z', 'ENA', 'ETH', 'FARTCOIN', 'FUEL', 'HYPE', 'ODOS', 'ONDO', 'PENGU', 'SOL', 'SUI', 'TIA', 'USUAL', 'VIRTUAL', 'XRP'], ['XRP'])
('2024-12-21 22:40:02', ['APT', 'ENA', 'ETH', 'FARTCOIN', 'FUEL', 'HYPE', 'ODOS', 'ONDO', 'PENGU', 'SOL', 'SUI', 'TIA', 'USUAL', 'VIRTUAL', 'XRP'], ['APT'])
('2024-12-21 22:50:01', ['AI16Z', 'APT', 'ENA', 'FARTCOIN', 'FUEL', 'GRIFFAIN', 'HYPE', 'ODOS', 'ONDO', 'PENGU', 'SOL', 'SUI', 'TIA', 'USUAL', 'VIRTUAL'], ['AI16Z', 'GRIFFAIN'])
('2024-12-21 23:00:02', ['APT', 'ENA', 'ETH', 'FARTCOIN', 'FUEL', 'GRIFFAIN', 'HYPE', 'ODOS', 'ONDO', 'PENGU', 'SOL', 'SUI', 'USUAL', 'VIRTUAL', 'XRP'], ['ETH', 'XRP'])
('2024-12-21 23:10:01', ['AI16Z', 'AIXBT', 'APT', 'ENA', 'FARTCOIN', 'FUEL', 'HYPE', 'ODOS', 'ONDO', 'PENGU', 'PEPE', 'SOL', 'SUI', 'USUAL', 'VIRTUAL'], ['AI16Z', 'AIXBT', 'PEPE'])
('2024-12-21 23:20:02', ['AI16Z', 'APT', 'ENA', 'ETH', 'FARTCOIN', 'FUEL', 'HYPE', 'ODOS', 'ONDO', 'PENGU', 'PEPE', 'SOL', 'SUI', 'USUAL', 'VIRTUAL'], ['ETH'])
('2024-12-21 23:30:01', ['AI16Z', 'APT', 'ENA', 'FARTCOIN', 'FUEL', 'GRIFFAIN', 'HYPE', 'ODOS', 'ONDO', 'PENGU', 'PEPE', 'SOL', 'SUI', 'USUAL', 'VIRTUAL'], ['GRIFFAIN'])
('2024-12-21 23:40:02', ['AI16Z', 'APT', 'ENA', 'ETH', 'FARTCOIN', 'FUEL', 'GRIFFAIN', 'HYPE', 'ODOS', 'ONDO', 'PENGU', 'SOL', 'SUI', 'USUAL', 'VIRTUAL'], ['ETH'])
('2024-12-21 23:50:01', ['AI16Z', 'BEAM', 'DOGE', 'ENA', 'ETH', 'FARTCOIN', 'FUEL', 'GRIFFAIN', 'HYPE', 'ODOS', 'ONDO', 'PENGU', 'SUI', 'USUAL', 'VIRTUAL'], ['BEAM', 'DOGE'])
('2024-12-22 00:00:02', ['AI16Z', 'DOGE', 'ETH', 'FARTCOIN', 'FUEL', 'HYPE', 'ODOS', 'ONDO', 'PENGU', 'PEPE', 'SOL', 'SUI', 'TAO', 'USUAL', 'VIRTUAL'], ['PEPE', 'SOL', 'TAO'])
('2024-12-22 00:20:02', ['AI16Z', 'DOGE', 'ETH', 'FARTCOIN', 'FUEL', 'HYPE', 'MOVE', 'ODOS', 'ONDO', 'PENGU', 'PEPE', 'SOL', 'SUI', 'USUAL', 'VIRTUAL'], ['MOVE'])
('2024-12-22 00:30:01', ['AI16Z', 'AIXBT', 'APT', 'DOGE', 'FARTCOIN', 'FUEL', 'HYPE', 'MOVE', 'ODOS', 'PENGU', 'PEPE', 'SOL', 'SUI', 'USUAL', 'VIRTUAL'], ['AIXBT', 'APT'])
('2024-12-22 00:40:01', ['AI16Z', 'AIXBT', 'DOGE', 'ETH', 'FARTCOIN', 'FUEL', 'HYPE', 'ODOS', 'PENGU', 'PEPE', 'SOL', 'SUI', 'TAO', 'USUAL', 'VIRTUAL'], ['ETH', 'TAO'])
('2024-12-22 00:50:02', ['AI16Z', 'DOGE', 'ENA', 'ETH', 'FARTCOIN', 'FUEL', 'HYPE', 'ODOS', 'ONDO', 'PENGU', 'PEPE', 'SOL', 'SUI', 'USUAL', 'VIRTUAL'], ['ENA', 'ONDO'])
('2024-12-22 01:00:01', ['AI16Z', 'AIXBT', 'ENA', 'ETH', 'FARTCOIN', 'FUEL', 'HYPE', 'ODOS', 'ONDO', 'PENGU', 'PEPE', 'SOL', 'SUI', 'USUAL', 'VIRTUAL'], ['AIXBT'])
('2024-12-22 01:10:02', ['AI16Z', 'AIXBT', 'ENA', 'ETH', 'FARTCOIN', 'FUEL', 'HYPE', 'ODOS', 'PENGU', 'PEPE', 'SOL', 'SUI', 'USUAL', 'VIRTUAL', 'WILD'], ['WILD'])
('2024-12-22 01:20:01', ['AI16Z', 'AIXBT', 'ENA', 'ETH', 'FARTCOIN', 'FUEL', 'HYPE', 'ODOS', 'ONDO', 'PENGU', 'SOL', 'SUI', 'USUAL', 'VIRTUAL', 'WILD'], ['ONDO'])
('2024-12-22 01:30:02', ['AIXBT', 'ENA', 'ETH', 'FARTCOIN', 'FUEL', 'HYPE', 'ODOS', 'ONDO', 'PENGU', 'SOL', 'SUI', 'USUAL', 'VIRTUAL', 'WILD', 'XRP'], ['XRP'])
('2024-12-22 01:40:01', ['AIXBT', 'BONK', 'ENA', 'ETH', 'FARTCOIN', 'FUEL', 'HYPE', 'ODOS', 'ONDO', 'PENGU', 'SOL', 'SUI', 'USUAL', 'VIRTUAL', 'WILD'], ['BONK'])
('2024-12-22 02:00:02', ['ATH', 'BEAM', 'ENA', 'ETH', 'FARTCOIN', 'FUEL', 'HYPE', 'ODOS', 'ONDO', 'PENGU', 'SOL', 'SUI', 'USUAL', 'VIRTUAL', 'WILD'], ['ATH', 'BEAM'])
('2024-12-22 02:10:01', ['AI16Z', 'ENA', 'ETH', 'FARTCOIN', 'FTM', 'FUEL', 'HYPE', 'ODOS', 'ONDO', 'PENGU', 'SOL', 'SUI', 'USUAL', 'VIRTUAL', 'WILD'], ['AI16Z', 'FTM'])
('2024-12-22 02:20:02', ['AIXBT', 'ENA', 'ETH', 'FARTCOIN', 'FTM', 'FUEL', 'HYPE', 'ODOS', 'ONDO', 'PENGU', 'SOL', 'SUI', 'USUAL', 'VIRTUAL', 'WILD'], ['AIXBT'])
